collection,documentId,sourceName,sourceIsland,status,score,nameScore,distanceKm,googlePlaceId,googleName,googleAddress,error
beaches,salt-pond-bay,Salt Pond Bay,STJ,review,0.51,0.4,1.471,ChIJF6egxS5tBYwRgBKyoj3eBHI,Saltpond Bay,"Saltpond Bay, St John 00830, USVI",
beaches,teague-bay,Teague Bay,STX,review,0.588,0.5,0.785,ChIJV8cMwZuzGowRMXAQ9oiwH1U,Teagues Bay,"Teagues Bay, Christiansted, St Croix 00820, USVI",
places,STT-arian-s,Arian’s,STT,review,0.143,0,3.144,ChIJNRJI2qsbBYwRwEn6jEiaMqM,Arians Bar & Restaurant,"St. Thomas, 103 Subbase Rd, Charlotte Amalie West, St Thomas 00802, USVI",
places,STT-at-home-in-the-tropics-b-b,At Home in the Tropics B&B,STT,review,0.805,0.75,0.166,ChIJd9BfVI0aBYwRDuitvM_vOLc,At Home in The Tropics Inn,"1680 (25) Dronningens Gade Charlotte Amalie St Thomas VI VI, Charlotte Amalie, St Thomas 00802, USVI",
places,STT-beach-bar-and-grill-at-lindbergh-beach,Beach Bar and Grill at Lindbergh Beach,STT,review,0.143,0,3.577,ChIJg1Q6aqgbBYwRTPIntqMe7bg,Emerald Beach Bar,"8070 Lindbergh Bay, Charlotte Amalie West, St Thomas 00802, USVI",
places,STT-bellavista-bed-breakfast,Bellavista Bed & Breakfast,STT,review,0.51,0.4,1.642,ChIJx37QD4YaBYwRWjt8u1_kqsM,Bellavista Scott Hotel,"9378 Estate Thomas, Charlotte Amalie East, St Thomas 00802, USVI",
places,STT-beni-iguanas-sushi-bar,Beni Iguanas Sushi Bar,STT,review,0.6657,0.5714,0.439,ChIJywju-YgaBYwRIW4eJyEv5as,Beni Iguana's Sushi Bar & Restaurant,"St Thomas, W Indies Dock Rd, Charlotte Amalie, St Thomas 00802, USVI",
places,STT-blue-11,Blue 11,STT,review,0.588,0.5,1.13,ChIJf46CHwUbBYwRV5QWYwtWgX0,Blue Eleven,"Charlotte Amalie, St Thomas 00802, USVI",
places,STT-bluebeard-s-castle-hilltop-villas-marriott-s-frenchman-s-cove-timeshares,Bluebeard’s Castle Hilltop Villas & Marriott’s Frenchman’s Cove (timeshares),STT,review,0.7551,0.7143,0.708,ChIJk5N02o0aBYwRDHvCUKXdYkc,Hilltop Villas at Bluebeard's Castle,"Charlotte Amalie, St Thomas 00802, USVI",
places,STT-bumpa-s,Bumpa’s,STT,review,0.22,0,0.13,ChIJAQAAAAAbBYwRF2z9hX9sksI,Bumpas Sandwich Shop,"38-A Waterfront Hwy, Charlotte Amalie, St Thomas 00804, USVI",
places,STT-bungalows-on-the-bay-chenay,Bungalows on the Bay (Chenay),STT,review,0.702,0.9,70.872,ChIJ5e1HtHy1GowRaEmkLhENwYY,Bungalows On the Bay,"Bungalows on the Bay 5000, Chenay Bay, Christiansted, St Croix 00820, USVI",
places,STT-buoy-haus-beach-resort-at-frenchman-s-reef,Buoy Haus Beach Resort at Frenchman’s Reef,STT,review,0.455,0.4,2.74,ChIJfaJVBiEbBYwRj0zQfGk2fP0,"Buoy Haus Beach Resort St. Thomas, Autograph Collection","2 Estate Bakkeroe, St Thomas 00802, USVI",
places,STT-carambola-beach-resort,Carambola Beach Resort,STT,review,0.702,0.9,66.571,ChIJpS60CuyBt4cRbextEyChguE,Carambola Golf Club / Residences,"72 Estate River, kingshill, St Croix 00850, USVI",
places,STT-carina-bay-campground-cane-bay,Carina Bay Campground (Cane Bay),STT,review,0.6686,0.8571,64.581,ChIJH4B03InLGowRM-B1LLabzzU,Cane Bay Campground,"110 Cane Bay Rd, Christiansted, St Croix 00851, USVI",
places,STT-club-st-croix-beach-tennis-resort,Club St. Croix Beach & Tennis Resort,STT,review,0.78,1,69.19,ChIJ_eg1YHPKGowRv06CVVE719Y,Club St Croix Beach & Tennis Resort,"Q73J+686, Christiansted, St Croix, USVI",
places,STT-colony-cove,Colony Cove,STT,review,0.22,0,0.18,ChIJPyNr0_IaBYwRqgbYUN6hHE4,Fort Christian,"St. Thomas, Forts Straede, Charlotte Amalie, St Thomas 00802, USVI",
places,STT-company-house-hotel,Company House Hotel,STT,review,0.61,0.5,0.089,ChIJMfbMUJccBYwRafjweGKbxo0,Galleon House,"31 Kongen Gade, Charlotte Amalie, St Thomas 00804, USVI",
places,STT-cottages-by-the-sea,Cottages by the Sea,STT,review,0.78,1,71.432,ChIJw6Ww_sjPGowR8sNd3RrsZg8,Cottages by the Sea,"127A Estate, Frederiksted, St Croix 00840, USVI",
places,STT-divi-carina-bay-all-inclusive-beach-resort-casino,Divi Carina Bay All‑Inclusive Beach Resort & Casino,STT,review,0.702,0.9,75.024,ChIJrT5A25OzGowRYi0EQxeYSIY,Carina Bay All-Inclusive Resort & Casino,"5025 Turner Hole Rd, Christiansted, St Croix 00820, USVI",
places,STT-feather-leaf-inn,Feather Leaf Inn,STT,review,0.78,1,66.071,ChIJd5_sRXbPGowReIncNwiNymg,Feather Leaf Inn,"325 Prospect Hill, Frederiksted, St Croix 00840, USVI",
places,STT-island-view-guest-house,Island View Guest House,STT,review,0.5887,0.5714,2.501,ChIJ2ZIOoQIbBYwRXsPq_tlzajg,Island View Guesthouse,"11-1 C Contant, St Thomas 00802, USVI",
places,STT-king-christian-hotel,King Christian Hotel,STT,review,0.78,1,70.363,ChIJHdXW8u21GowRW_jhEKZLYR4,King Christian Hotel,"1102 King's Wharf Christiansted VI 00820, Christiansted, St Croix 1247, USVI",
places,STT-lockhart-gardens-tutu-park-mall-nisky-center-paradise-point-and-mountain-top,"Lockhart Gardens, Tutu Park Mall, Nisky Center, Paradise Point and Mountain Top",STT,review,0.51,0.4,1.647,ChIJNa_Z-YUaBYwRJWSPTava8Ag,Lockhart Gardens Shopping Center,"4406 Weymouth Rhymer Hwy, Charlotte Amalie, St Thomas 00802, USVI",
places,STT-magens-bay-cafe-pizzeria,Magens Bay Cafe & Pizzeria,STT,review,0.403,0.3333,2.632,ChIJTe8OjKQaBYwRKG8Sah1I9YY,Magens Point Bar and Grill,"6200 Magen's Bay Rd, St Thomas 00802, USVI",
places,STT-margaritaville-vacation-club-by-wyndham,Margaritaville Vacation Club by Wyndham,STT,review,0.663,0.6667,6.641,ChIJVQIQijUQBYwRFabYfai1PQA,Margaritaville Vacation Club - St. Thomas,"6080 Estate Smith Bay, Frydendal, St Thomas 00802, USVI",
places,STT-mim-s-seafood-bistro,Mim’s Seafood Bistro,STT,review,0.728,0.75,4.818,ChIJXZzNyZsQBYwRAcfQe2SbIEU,Mim's Seaside Bistro,"Watergate Villas, St. Thomas, Bolongo Bay Rd Bld -15, Bolongo, St Thomas 00802, USVI",
places,STT-oceana-multicuisine,Oceana (multicuisine),STT,review,0.588,0.5,1.335,ChIJg4Lqm_caBYwRSBeJpPL4e88,Oceana Restaurant & Bistro,"St. Thomas, 8 Honduras, Charlotte Amalie, St Thomas 00802, USVI",
places,STT-pangea-terra-table-farm-to-table,Pangea Terra Table (farm‑to‑table),STT,review,0.6443,0.7273,8.046,ChIJ9ahmFDIRBYwRj08jCTnUBUs,Pangea Terra & Ocean to Table Sustainable Restaurant,"6400 estate Smith Bay, Smith Bay, St Thomas 00802, USVI",
places,STT-petit-pump-room,Petit Pump Room,STT,review,0.6437,0.5714,0.908,ChIJn3xEK_caBYwR-p559oUCUlM,Petite Pump Room Bar & Restaurant St. Thomas,"St. Thomas, 3400 Veterans Dr Ste 6, Charlotte Amalie, St Thomas 00802, USVI",
places,STT-pita-express,Pita Express,STT,review,0.198,0,2,ChIJR-3ZrfMaBYwROL9hgLpgevk,Amalia Café Restaurant,"VI, St. Thomas, 5143 Palm Passage Downtown, Charlotte Amalie, St Thomas 00801, USVI",
places,STT-pizza-pi-floating-pizza-boat,Pizza Pi (floating pizza boat),STT,review,0.533,0.5,7.249,ChIJd3JtvmkRBYwR0XN00sOe9gw,Pizza Pi Shuttle ™,"Compass Point Marina, St Thomas 00801, USVI",
places,STT-ritz-carlton-club-timeshare,Ritz‑Carlton Club (timeshare),STT,review,0.728,0.75,3.428,ChIJPS6RydkaBYwRvxnGYlN9PSI,"The Ritz-Carlton Club, St. Thomas","St Thomas 00802, USVI",
places,STT-sand-castle-on-the-beach,Sand Castle on the Beach,STT,review,0.78,1,71.37,ChIJy_lGAsnPGowRnQjWJTRDJwY,Sand Castle on the Beach,"Veterans Shore Dr, Frederiksted, St Croix 00840, USVI",
places,STT-sand-castle-on-the-beach-again,Sand Castle On the Beach (again),STT,review,0.702,0.9,71.37,ChIJy_lGAsnPGowRnQjWJTRDJwY,Sand Castle on the Beach,"Veterans Shore Dr, Frederiksted, St Croix 00840, USVI",
places,STT-sibs-mountain-bar-restaurant,Sibs Mountain Bar & Restaurant,STT,review,0.458,0.3333,1.134,ChIJixIGH7cbBYwRSCFcDyruG5Q,Sib's on the Mountain,"33-5 Estate Elizabeth, St Thomas 00802, USVI",
places,STT-smoky-rooster,Smoky Rooster,STT,review,0.61,0.5,0.492,ChIJkzROUogaBYwR8hNAi44C12s,The Smoking Rooster,"83MH+5QW, Charlotte Amalie East, St Thomas 00802, USVI",
places,STT-st-croix-timeshares-e-g-chenay-bay-beach-resort,"St. Croix timeshares (e.g., Chenay Bay Beach Resort)",STT,review,0.702,0.9,70.786,ChIJV2aMVRu1GowRgz47EWCDQdY,Chenay Bay Beach,"Q86R+4Q2, Christiansted, St Croix 00820, USVI",
places,STT-the-buccaneer-hotel,The Buccaneer Hotel,STT,review,0.702,0.9,70.312,ChIJ_ZrUTLq1GowRjSgO-SzRX2c,"The Buccaneer Resort St. Croix, U.S. Virgin Islands","5007, Christiansted, St Croix 00824, USVI",
places,STT-the-fred,The Fred,STT,review,0.78,1,70.526,ChIJpRQJTTXOGowRuwjtZxOVf1c,The Fred,"605 Strand St, Frederiksted, VI 00840, USVI",
places,STT-the-green-house,The Green House,STT,review,0.22,0,0.325,ChIJHeS9uPIaBYwR7NqOurs0fu0,The Greenhouse Restaurant & Bar,"Water front harbor Charlotte Amalie, Charlotte Amalie, St Thomas 00802, USVI",
places,STT-the-holger-danske-hotel,The Holger Danske Hotel,STT,review,0.78,1,70.356,ChIJPXgOEpK1GowR26OZ9a2s3pU,Holger Danske Hotel,"1200 King Cross St, Christiansted, St Croix 00820, USVI",
places,STT-the-meat-up,The Meat Up,STT,review,0.198,0,1.376,ChIJZ-0UzfcRBYwRCl34hiZILOM,The MeatUp,"4406 Weymouth Rhymer Hwy, Donoe, St Thomas 00802, USVI",
places,STT-the-waves-at-cane-bay,The Waves at Cane Bay,STT,review,0.78,1,64.174,ChIJDyT-X2nJGowRmW_KhIwY3qM,The Waves Cane Bay,"112C N Shr Rd, Kingshill, St Croix 00851, USVI",
places,STT-the-waves-cane-bay,The Waves Cane Bay,STT,review,0.78,1,64.174,ChIJDyT-X2nJGowRmW_KhIwY3qM,The Waves Cane Bay,"112C N Shr Rd, Kingshill, St Croix 00851, USVI",
places,STT-two-sandals-by-the-sea,Two Sandals by the Sea,STT,review,0.467,0.5,8.261,ChIJO-gmwAARBYwRcUfZWsml7rE,Two Sandals - A Boutique Hotel,"9M-1 Estate Nazareth St. Thomas Virgin Islands (US, Nazareth, St Thomas 00802, USVI",
places,STT-virgilio-s-italian,Virgilio’s (Italian),STT,review,0.74,0.6667,0.304,ChIJdzqYd5IaBYwRKFD3lzuTVFc,Virgilio's Cuisine,"5150 Dronningens Gade Ste 7, Charlotte Amalie, St Thomas 00802, USVI",
