dataset,id,name,island
"data/travel-knowledge/places.json","stt-arian-s","Arian S","stt"
"data/travel-knowledge/places.json","stt-benito-s-burritos","Benito's Burritos","stt"
"data/travel-knowledge/places.json","stt-bernie-s-bar-grill","Bernie's Bar Grill","stt"
"data/travel-knowledge/places.json","stt-bluebeard-s-castle-hilltop-villas-marriott-s-frenchman-s-cove-timeshares","Bluebeard's Castle Hilltop Villas Marriott's Frenchman's Cove Timeshares","stt"
"data/travel-knowledge/places.json","stt-bonita-s-cantina","Bonita's Cantina","stt"
"data/travel-knowledge/places.json","stt-bumpa-s","Bumpa S","stt"
"data/travel-knowledge/places.json","waterfront-charlotte-amalie","Charlotte Amalie Waterfront","stt"
"data/travel-knowledge/places.json","charlotte-amalie-waterfront","Charlotte Amalie Waterfront","stt"
"data/travel-knowledge/places.json","cinnamon-bay-campground","Cinnamon Bay Campground","stj"
"data/travel-knowledge/places.json","columbus-landing-site","Columbus Landing Site","stx"
"data/travel-knowledge/places.json","coral-bay","Coral Bay","stj"
"data/travel-knowledge/places.json","coral-bay-harbor","Coral Bay Harbor","stj"
"data/travel-knowledge/places.json","cruz-bay","Cruz Bay","stj"
"data/travel-knowledge/places.json","cruz-bay-waterfront","Cruz Bay Waterfront","stj"
"data/travel-knowledge/places.json","stt-duffy-s-love-shack","Duffy's Love Shack","stt"
"data/travel-knowledge/places.json","stt-e-s-garden-teahouse","E's Garden Teahouse","stt"
"data/travel-knowledge/places.json","east-end-st-john","East End St. John","stj"
"data/travel-knowledge/places.json","eliza-james-mchen-beach-park","Eliza James-McBean Clock Tower and Park","stx"
"data/travel-knowledge/places.json","estate-whim-museum","Estate Whim Museum","stx"
"data/travel-knowledge/places.json","fortsberg","Fortsberg","stj"
"data/travel-knowledge/places.json","frenchtown","Frenchtown","stt"
"data/travel-knowledge/places.json","frenchtown-market","Frenchtown Market","stt"
"data/travel-knowledge/places.json","green-cay-marina","Green Cay Marina","stx"
"data/travel-knowledge/places.json","johns-folly-learning-institute","John's Folly Learning Institute","stj"
"data/travel-knowledge/places.json","main-street-charlotte-amalie","Main Street Charlotte Amalie","stt"
"data/travel-knowledge/places.json","market-square-st-thomas","Market Square","stt"
"data/travel-knowledge/places.json","millennium-monument","Millennium Monument","stx"
"data/travel-knowledge/places.json","stt-mim-s-seafood-bistro","Mim's Seafood Bistro","stt"
"data/travel-knowledge/places.json","old-danish-custom-house","Old Danish Custom House","stx"
"data/travel-knowledge/places.json","paradise-point","Paradise Point","stt"
"data/travel-knowledge/places.json","peace-hill","Peace Hill","stj"
"data/travel-knowledge/places.json","red-hook","Red Hook","stt"
"data/travel-knowledge/places.json","skyride-to-paradise-point","Skyride to Paradise Point","stt"
"data/travel-knowledge/places.json","rainforest-st-croix","St. Croix Rainforest","stx"
"data/travel-knowledge/places.json","stt-sudi-s-caribbean-bar-grille","Sudi's Caribbean Bar Grille","stt"
"data/travel-knowledge/places.json","leap-st-croix","The Leap","stx"
"data/travel-knowledge/places.json","stt-virgilio-s-italian","Virgilio's Italian","stt"
"data/travel-knowledge/places.json","virgin-islands-national-park-visitor-center","Virgin Islands National Park Visitor Center","stj"
"data/travel-knowledge/places.json","water-island-ferry-terminal","Water Island Ferry Terminal","stt"
"data/travel-knowledge/beaches.json","abi-beach","Abi Beach","stt"
"data/travel-knowledge/beaches.json","banana-bay","Banana Bay","stj"
"data/travel-knowledge/beaches.json","brown-bay","Brown Bay","stj"
"data/travel-knowledge/beaches.json","caneel-bay","Caneel Bay","stj"
"data/travel-knowledge/beaches.json","caret-bay","Caret Bay","stt"
"data/travel-knowledge/beaches.json","columbus-landing","Columbus Landing","stx"
"data/travel-knowledge/beaches.json","honeymoon-beach","Honeymoon Beach","stj"
"data/travel-knowledge/beaches.json","honeymoon-water-island","Honeymoon Water Island","stt"
"data/travel-knowledge/beaches.json","michelles-beach","Michelles Beach","stx"
"data/travel-knowledge/beaches.json","nazareth-bay","Nazareth Bay","stt"
"data/travel-knowledge/beaches.json","reef-bay","Reef Bay","stj"
"data/travel-knowledge/beaches.json","santa-maria-beach","Santa Maria Beach","stt"
"data/travel-knowledge/beaches.json","teague-bay","Teague Bay","stx"
"data/travel-knowledge/beaches.json","turtle-beach-buck-island","Turtle Beach Buck Island","stx"
"data/travel-knowledge/beaches.json","water-bay","Water Bay","stt"
"data/travel-knowledge/beaches.json","waterlemon-bay","Waterlemon Bay","stj"
"data/travel-knowledge/historic-sites.json","annaberg-historic-district","Annaberg Historic District","stj"
"data/travel-knowledge/historic-sites.json","barracks-no-2","Barracks No. 2","stt"
"data/travel-knowledge/historic-sites.json","benjamin-franklin-school","Benjamin Franklin School","stj"
"data/travel-knowledge/historic-sites.json","synagogue-beracha-veshalom","Beracha Veshalom Synagogue","stt"
"data/travel-knowledge/historic-sites.json","bethlehem-middle-works-historic-district","Bethlehem Middle Works Historic District","stx"
"data/travel-knowledge/historic-sites.json","bethlehem-sugar-factory","Bethlehem Sugar Factory","stt"
"data/travel-knowledge/historic-sites.json","blackbeards-castle-skytsborg","Blackbeard's Castle (Skytsborg)","stt"
"data/travel-knowledge/historic-sites.json","bluebeards-castle-tower","Bluebeard's Castle Tower","stt"
"data/travel-knowledge/historic-sites.json","bordeaux","Bordeaux","stt"
"data/travel-knowledge/historic-sites.json","brown-bay-plantation-historic-district","Brown Bay Plantation Historic District","stj"
"data/travel-knowledge/historic-sites.json","catherineberg-jockumsdahl-herman-farm","Catherineberg-Jockumsdahl-Herman Farm","stj"
"data/travel-knowledge/historic-sites.json","charlotte-amalie-historic-district-boundary-increase","Charlotte Amalie Historic District (Boundary Increase)","stt"
"data/travel-knowledge/historic-sites.json","christiansted-nhs-custom-house","Christiansted NHS Custom House","stx"
"data/travel-knowledge/historic-sites.json","christiansted-nhs-fort-christiansvaern","Christiansted NHS Fort Christiansvaern","stx"
"data/travel-knowledge/historic-sites.json","christiansted-nhs-scale-house","Christiansted NHS Scale House","stx"
"data/travel-knowledge/historic-sites.json","christiansted-nhs-steeple-building","Christiansted NHS Steeple Building","stx"
"data/travel-knowledge/historic-sites.json","cinnamon-bay-archaeology","Cinnamon Bay Archaeology Site","stj"
"data/travel-knowledge/historic-sites.json","cinnamon-bay-plantation","Cinnamon Bay Plantation","stj"
"data/travel-knowledge/historic-sites.json","cinnamon-bay-sugar-works","Cinnamon Bay Sugar Works","stj"
"data/travel-knowledge/historic-sites.json","coakley-bay-estate","Coakley Bay Estate","stx"
"data/travel-knowledge/historic-sites.json","columbus-landing-site","Columbus Landing Site","stx"
"data/travel-knowledge/historic-sites.json","cruz-bay-battery","Cruz Bay Battery","stj"
"data/travel-knowledge/historic-sites.json","cruz-bay-town-historic-district","Cruz Bay Town Historic District","stj"
"data/travel-knowledge/historic-sites.json","danish-west-india-and-guinea-company-warehouse","Danish West India and Guinea Company Warehouse","stx"
"data/travel-knowledge/historic-sites.json","dennis-bay-historic-district","Dennis Bay Historic District","stj"
"data/travel-knowledge/historic-sites.json","diamond-school","Diamond School","stx"
"data/travel-knowledge/historic-sites.json","east-end-schoolhouse-st-john-us-virgin-islands","East End Schoolhouse: St. John US Virgin Islands","stj"
"data/travel-knowledge/historic-sites.json","emmaus-moravian-church","Emmaus Moravian Church","stt"
"data/travel-knowledge/historic-sites.json","emmaus-moravian-church-and-manse","Emmaus Moravian Church and Manse","stj"
"data/travel-knowledge/historic-sites.json","enighed","Enighed","stj"
"data/travel-knowledge/historic-sites.json","estate-beverhoudt","Estate Beverhoudt","stj"
"data/travel-knowledge/historic-sites.json","estate-botany-bay","Estate Botany Bay","stt"
"data/travel-knowledge/historic-sites.json","estate-brewers-bay","Estate Brewers Bay","stt"
"data/travel-knowledge/historic-sites.json","estate-butlers-bay","Estate Butler's Bay","stx"
"data/travel-knowledge/historic-sites.json","estate-carolina-sugar-plantation","Estate Carolina Sugar Plantation","stj"
"data/travel-knowledge/historic-sites.json","estate-grove-place","Estate Grove Place","stx"
"data/travel-knowledge/historic-sites.json","estate-hafensight","Estate Hafensight","stt"
"data/travel-knowledge/historic-sites.json","estate-hogansborg","Estate Hogansborg","stx"
"data/travel-knowledge/historic-sites.json","estate-judiths-fancy","Estate Judith's Fancy","stx"
"data/travel-knowledge/historic-sites.json","estate-la-reine","Estate La Reine","stx"
"data/travel-knowledge/historic-sites.json","estate-little-princess","Estate Little Princess","stx"
"data/travel-knowledge/historic-sites.json","estate-mount-victory","Estate Mount Victory","stx"
"data/travel-knowledge/historic-sites.json","estate-neltjeberg","Estate Neltjeberg","stt"
"data/travel-knowledge/historic-sites.json","estate-niesky","Estate Niesky","stt"
"data/travel-knowledge/historic-sites.json","estate-perseverance","Estate Perseverance","stt"
"data/travel-knowledge/historic-sites.json","estate-prosperity","Estate Prosperity","stx"
"data/travel-knowledge/historic-sites.json","estate-saint-george-historic-district","Estate Saint George Historic District","stx"
"data/travel-knowledge/historic-sites.json","estate-st-john","Estate St. John","stx"
"data/travel-knowledge/historic-sites.json","estate-whim-greathouse","Estate Whim Greathouse","stx"
"data/travel-knowledge/historic-sites.json","estate-whim-museum","Estate Whim Museum","stx"
"data/travel-knowledge/historic-sites.json","evelyn-e-marcelli-elementary-school","Evelyn E. Marcelli Elementary School","stt"
"data/travel-knowledge/historic-sites.json","fortsberg","Fortsberg","stj"
"data/travel-knowledge/historic-sites.json","fortsberg-corral-bay","Fortsberg Corral Bay","stj"
"data/travel-knowledge/historic-sites.json","frederick-lutheran-church","Frederick Lutheran Church","stt"
"data/travel-knowledge/historic-sites.json","friedensfeld-midlands-moravian-church-and-manse","Friedensfeld Midlands Moravian Church and Manse","stx"
"data/travel-knowledge/historic-sites.json","friedensthal-mission","Friedensthal Mission","stx"
"data/travel-knowledge/historic-sites.json","ft-frederik-of-us-virgin-islands","Ft. Frederik of US Virgin Islands","stx"
"data/travel-knowledge/historic-sites.json","government-house-stt","Government House, St. Thomas","stt"
"data/travel-knowledge/historic-sites.json","green-kay","Green Kay","stx"
"data/travel-knowledge/historic-sites.json","hamburg-america-shipping-line-administrative-offices","Hamburg-America Shipping Line Administrative Offices","stt"
"data/travel-knowledge/historic-sites.json","hams-bluff-light","Hams Bluff Light","stx"
"data/travel-knowledge/historic-sites.json","hassel-island-additional-documentation","Hassel Island (Additional Documentation)","stt"
"data/travel-knowledge/historic-sites.json","hassel-island-creque-marine-railway","Hassel Island Creque Marine Railway","stt"
"data/travel-knowledge/historic-sites.json","hassel-island-fort-willoughby","Hassel Island Fort Willoughby","stt"
"data/travel-knowledge/historic-sites.json","hassel-island-historic-district-boundary-increase","Hassel Island Historic District (Boundary Increase)","stt"
"data/travel-knowledge/historic-sites.json","hermitage-plantation-historic-district","Hermitage Plantation Historic District","stj"
"data/travel-knowledge/historic-sites.json","holy-cross-episcopal-church","Holy Cross Episcopal Church","stx"
"data/travel-knowledge/historic-sites.json","jossie-gut-historic-district","Jossie Gut Historic District","stj"
"data/travel-knowledge/historic-sites.json","kingshill-lutheran-church","Kingshill Lutheran Church","stx"
"data/travel-knowledge/historic-sites.json","lesperance-historic-district","L'Esperance Historic District","stj"
"data/travel-knowledge/historic-sites.json","la-grande-princesse-school","La Grande Princesse School","stx"
"data/travel-knowledge/historic-sites.json","la-grange-historic-district","La Grange Historic District","stx"
"data/travel-knowledge/historic-sites.json","lameshur-plantation","Lameshur Plantation","stj"
"data/travel-knowledge/historic-sites.json","liever-marches-bay-historic-district","Liever Marches Bay Historic District","stj"
"data/travel-knowledge/historic-sites.json","lind-point-fort","Lind Point Fort","stj"
"data/travel-knowledge/historic-sites.json","little-la-grange","Little La Grange","stx"
"data/travel-knowledge/historic-sites.json","mafolie-great-house","Mafolie Great House","stt"
"data/travel-knowledge/historic-sites.json","market-square-pladsen","Market Square (Pladsen)","stt"
"data/travel-knowledge/historic-sites.json","mary-point-estate","Mary Point Estate","stj"
"data/travel-knowledge/historic-sites.json","more-hill-historic-district","More Hill Historic District","stj"
"data/travel-knowledge/historic-sites.json","new-herrnhut-moravian-church","New Herrnhut Moravian Church","stt"
"data/travel-knowledge/historic-sites.json","peace-hill-ruins","Peace Hill Ruins","stj"
"data/travel-knowledge/historic-sites.json","reef-bay-great-house-historic-district","Reef Bay Great House Historic District","stj"
"data/travel-knowledge/historic-sites.json","reef-bay-sugar-factory-historic-district","Reef Bay Sugar Factory Historic District","stj"
"data/travel-knowledge/historic-sites.json","reef-bay-sugar-mill","Reef Bay Sugar Mill","stj"
"data/travel-knowledge/historic-sites.json","reformed-dutch-church-stt","Reformed Dutch Church, St. Thomas","stt"
"data/travel-knowledge/historic-sites.json","richmond-prison-detention-and-workhouse","Richmond Prison Detention and Workhouse","stx"
"data/travel-knowledge/historic-sites.json","rustenberg-plantation-south-historic-district","Rustenberg Plantation South Historic District","stj"
"data/travel-knowledge/historic-sites.json","salt-river-bay-national-historic-site-and-ecological-preserve","Salt River Bay National Historic Site and Ecological Preserve","stx"
"data/travel-knowledge/historic-sites.json","sion-hill","Sion Hill","stx"
"data/travel-knowledge/historic-sites.json","slob-historic-district","Slob Historic District","stx"
"data/travel-knowledge/historic-sites.json","sprat-hall-historic-district","Sprat Hall Historic District","stx"
"data/travel-knowledge/historic-sites.json","st-johns-episcopal-church","St. John's Episcopal Church","stx"
"data/travel-knowledge/historic-sites.json","st-thomas-synagogue-beracha-veshalom-vegemiluth-hasadim","St. Thomas Synagogue-Beracha Veshalom Vegemiluth Hasadim","stt"
"data/travel-knowledge/historic-sites.json","strawberry-hill-historic-district","Strawberry Hill Historic District","stx"
"data/travel-knowledge/historic-sites.json","susannaberg-estate","Susannaberg Estate","stj"
"data/travel-knowledge/historic-sites.json","trunk-bay-sugar-factory","Trunk Bay Sugar Factory","stj"
"data/travel-knowledge/historic-sites.json","tutu-plantation-house","Tutu Plantation House","stt"
"data/travel-knowledge/historic-sites.json","venus-hill","Venus Hill","stt"
"data/travel-knowledge/historic-sites.json","whim","Whim","stx"
