id,name,island,kind,candidateScore,candidateTitle,previewUrl,sourceUrl,creator,license,licenseUrl,decision
stay:sapphire-village-resort,Sapphire Village Resort,stt,stay,0,File:On the sunset shore; a book of poems and rhymes (IA onsunsetshoreboo00dorr).pdf,https://upload.wikimedia.org/wikipedia/commons/thumb/0/04/On_the_sunset_shore%3B_a_book_of_poems_and_rhymes_%28IA_onsunsetshoreboo00dorr%29.pdf/page1-500px-On_the_sunset_shore%3B_a_book_of_poems_and_rhymes_%28IA_onsunsetshoreboo00dorr%29.pdf.jpg,https://commons.wikimedia.org/wiki/File:On_the_sunset_shore;_a_book_of_poems_and_rhymes_(IA_onsunsetshoreboo00dorr).pdf,"Dorr, Joseph W., 1855- [from old catalog]",Public domain,,
stay:flamboyan-on-the-bay-resort-villas,Flamboyan on the Bay Resort & Villas,stt,stay,,,,,,,,
stay:windward-passage-hotel,Windward Passage Hotel,stt,stay,0,"File:Stark's history and guide to Barbados and the Caribbee Islands, containing a description of everything on or about these islads of which the visitor or resident may desire information .. (IA starkshistorygui00star).pdf",https://upload.wikimedia.org/wikipedia/commons/thumb/8/84/Stark%27s_history_and_guide_to_Barbados_and_the_Caribbee_Islands%2C_containing_a_description_of_everything_on_or_about_these_islads_of_which_the_visitor_or_resident_may_desire_information_.._%28IA_starkshistorygui00star%29.pdf/page1-500px-thumbnail.pdf.jpg,"https://commons.wikimedia.org/wiki/File:Stark%27s_history_and_guide_to_Barbados_and_the_Caribbee_Islands,_containing_a_description_of_everything_on_or_about_these_islads_of_which_the_visitor_or_resident_may_desire_information_.._(IA_starkshistorygui00star).pdf","Stark, James H[enry] [from old catalog]",Public domain,,
stay:pavilions-and-pools-resort,Pavilions and Pools Resort,stt,stay,,,,,,,,
stay:inn-on-strand-street,Inn on Strand Street,stx,stay,0,File:The old régime in Canada (IA oldrgimeincana00park).pdf,https://upload.wikimedia.org/wikipedia/commons/thumb/f/f0/The_old_r%C3%A9gime_in_Canada_%28IA_oldrgimeincana00park%29.pdf/page1-500px-The_old_r%C3%A9gime_in_Canada_%28IA_oldrgimeincana00park%29.pdf.jpg,https://commons.wikimedia.org/wiki/File:The_old_r%C3%A9gime_in_Canada_(IA_oldrgimeincana00park).pdf,"Parkman, Francis, 1823-1893",Public domain,,
historic:99-steps,99 Steps,stt,historic,0,"File:Annual Report of the U.S. Department of Health, Education and Welfare (IA annualreportofus00unit 1).pdf",https://upload.wikimedia.org/wikipedia/commons/thumb/e/e1/Annual_Report_of_the_U.S._Department_of_Health%2C_Education_and_Welfare_%28IA_annualreportofus00unit_1%29.pdf/page1-500px-Annual_Report_of_the_U.S._Department_of_Health%2C_Education_and_Welfare_%28IA_annualreportofus00unit_1%29.pdf.jpg,"https://commons.wikimedia.org/wiki/File:Annual_Report_of_the_U.S._Department_of_Health,_Education_and_Welfare_(IA_annualreportofus00unit_1).pdf",United States Office of Education,Public domain,,
place:american-yacht-harbor,American Yacht Harbor,stt,place,0.333,"File:Cruising in the Caribbean with a camera - lecture delivered May 7, 1903 at the New York Yacht Club including description of globular naval battery invented by the author (IA cruisingincaribb00stok).pdf",https://upload.wikimedia.org/wikipedia/commons/thumb/9/93/Cruising_in_the_Caribbean_with_a_camera_-_lecture_delivered_May_7%2C_1903_at_the_New_York_Yacht_Club_including_description_of_globular_naval_battery_invented_by_the_author_%28IA_cruisingincaribb00stok%29.pdf/page1-500px-thumbnail.pdf.jpg,"https://commons.wikimedia.org/wiki/File:Cruising_in_the_Caribbean_with_a_camera_-_lecture_delivered_May_7,_1903_at_the_New_York_Yacht_Club_including_description_of_globular_naval_battery_invented_by_the_author_(IA_cruisingincaribb00stok).pdf","Stokes, Anson Phelps, 1838-1913",Public domain,,
historic:annaberg-sugar-plantation,Annaberg Sugar Plantation,stj,historic,,,,,,,,
place:stt-arian-s,Arian S,stt,place,0,"File:Essays, critical and miscellaneous (IA essayscriticalmi02maca).pdf",https://upload.wikimedia.org/wikipedia/commons/thumb/5/5b/Essays%2C_critical_and_miscellaneous_%28IA_essayscriticalmi02maca%29.pdf/page1-500px-Essays%2C_critical_and_miscellaneous_%28IA_essayscriticalmi02maca%29.pdf.jpg,"https://commons.wikimedia.org/wiki/File:Essays,_critical_and_miscellaneous_(IA_essayscriticalmi02maca).pdf","Macaulay, Thomas Babington Macaulay, Baron, 1800-1859",Public domain,,
place:stt-benito-s-burritos,Benito's Burritos,stt,place,,,,,,,,
place:stt-bernie-s-bar-grill,Bernie's Bar Grill,stt,place,,,,,,,,
place:stt-bluebeard-s-castle-hilltop-villas-marriott-s-frenchman-s-cove-timeshares,Bluebeard's Castle Hilltop Villas Marriott's Frenchman's Cove Timeshares,stt,place,,,,,,,,
place:stt-bonita-s-cantina,Bonita's Cantina,stt,place,,,,,,,,
place:brewers-bay,Brewers Bay,stt,place,,,,,,,,
place:buck-island-reef-national-monument,Buck Island Reef National Monument,stx,place,,,,,,,,
place:stt-bumpa-s,Bumpa S,stt,place,,,,,,,,
place:cane-bay-wall,Cane Bay Wall,stx,place,,,,,,,,
place:caneel-bay-overlook,Caneel Bay Overlook,stj,place,,,,,,,,
place:captain-morgan-visitor-center,Captain Morgan Visitor Center,stx,place,,,,,,,,
place:waterfront-charlotte-amalie,Charlotte Amalie Waterfront,stt,place,,,,,,,,
historic:christiansted-national-historic-site,Christiansted National Historic Site,stx,historic,,,,,,,,
place:cinnamon-bay-archaeology-lab,Cinnamon Bay Archaeology Museum,stj,place,,,,,,,,
place:cinnamon-bay-campground,Cinnamon Bay Campground,stj,place,,,,,,,,
place:coki-point,Coki Point,stt,place,,,,,,,,
historic:columbus-landing-site,Columbus Landing Site,stx,historic,,,,,,,,
place:coral-bay,Coral Bay,stj,place,,,,,,,,
place:coral-bay-harbor,Coral Bay Harbor,stj,place,,,,,,,,
place:coral-world-ocean-park,Coral World Ocean Park,stt,place,,,,,,,,
place:crown-bay-center,Crown Bay Center,stt,place,,,,,,,,
place:cruz-bay-waterfront,Cruz Bay Waterfront,stj,place,,,,,,,,
place:cruzan-rum-distillery,Cruzan Rum Distillery,stx,place,,,,,,,,
place:drakes-seat,Drake's Seat,stt,place,,,,,,,,
place:stt-duffy-s-love-shack,Duffy's Love Shack,stt,place,,,,,,,,
place:stt-e-s-garden-teahouse,E's Garden Teahouse,stt,place,,,,,,,,
place:east-end-st-john,East End St. John,stj,place,,,,,,,,
place:eliza-james-mchen-beach-park,Eliza James-McBean Clock Tower and Park,stx,place,,,,,,,,
place:emancipation-garden,Emancipation Garden,stt,place,,,,,,,,
place:estate-whim-museum,Estate Whim Museum,stx,place,,,,,,,,
historic:fort-christian,Fort Christian,stt,historic,,,,,,,,
historic:fort-christiansvaern,Fort Christiansvaern,stx,historic,,,,,,,,
historic:fort-frederik,Fort Frederik,stx,historic,,,,,,,,
historic:fortsberg,Fortsberg,stj,historic,,,,,,,,
place:frederiksted-pier,Frederiksted Pier,stx,place,,,,,,,,
place:frederiksted-waterfront,Frederiksted Waterfront,stx,place,,,,,,,,
place:frenchtown,Frenchtown,stt,place,,,,,,,,
place:frenchtown-market,Frenchtown Market,stt,place,,,,,,,,
place:gallows-bay,Gallows Bay,stx,place,,,,,,,,
historic:government-house-christiansted,Government House Christiansted,stx,historic,,,,,,,,
place:green-cay-marina,Green Cay Marina,stx,place,,,,,,,,
place:stt-greengos-caribbean-cantina,Greengos Caribbean Cantina,stt,place,,,,,,,,
place:havensight-mall,Havensight Mall,stt,place,,,,,,,,
place:hull-bay,Hull Bay,stt,place,,,,,,,,
place:jack-and-isaac-bay-preserve,Jack and Isaac Bay Preserve,stx,place,,,,,,,,
place:johns-folly-learning-institute,John's Folly Learning Institute,stj,place,,,,,,,,
place:lindbergh-bay,Lindbergh Bay,stt,place,,,,,,,,
place:magens-bay,Magens Bay,stt,place,,,,,,,,
place:main-street-charlotte-amalie,Main Street Charlotte Amalie,stt,place,,,,,,,,
historic:market-square-st-thomas,Market Square,stt,historic,,,,,,,,
place:millennium-monument,Millennium Monument,stx,place,,,,,,,,
place:stt-mim-s-seafood-bistro,Mim's Seafood Bistro,stt,place,,,,,,,,
place:mongoose-junction,Mongoose Junction,stj,place,,,,,,,,
place:mount-eagle,Mount Eagle,stx,place,,,,,,,,
place:mountaintop-st-thomas,Mountain Top,stt,place,,,,,,,,
historic:old-danish-custom-house,Old Danish Custom House,stx,historic,,,,,,,,
place:paradise-point,Paradise Point,stt,place,,,,,,,,
historic:peace-hill,Peace Hill,stj,historic,,,,,,,,
place:point-udall,Point Udall,stx,place,,,,,,,,
place:protestant-cay,Protestant Cay,stx,place,,,,,,,,
place:ram-head-trail,Ram Head Trail,stj,place,,,,,,,,
place:red-hook,Red Hook,stt,place,,,,,,,,
historic:petroglyphs-trail,Reef Bay Petroglyphs,stj,historic,,,,,,,,
place:reef-bay-trail,Reef Bay Trail,stj,place,,,,,,,,
place:salt-pond-bay,Salt Pond Bay,stj,place,,,,,,,,
historic:salt-river-bay-national-historical-park,Salt River Bay National Historical Park,stx,historic,,,,,,,,
place:sandy-point-national-wildlife-refuge,Sandy Point National Wildlife Refuge,stx,place,,,,,,,,
place:skyride-to-paradise-point,Skyride to Paradise Point,stt,place,,,,,,,,
place:rainforest-st-croix,St. Croix Rainforest,stx,place,,,,,,,,
place:st-george-village-botanical-garden,St. George Village Botanical Garden,stx,place,,,,,,,,
historic:steeple-building,Steeple Building,stx,historic,,,,,,,,
place:stt-sudi-s-caribbean-bar-grille,Sudi's Caribbean Bar Grille,stt,place,,,,,,,,
place:leap-st-croix,The Leap,stx,place,,,,,,,,
place:stt-virgilio-s-italian,Virgilio's Italian,stt,place,,,,,,,,
place:virgin-islands-national-park-visitor-center,Virgin Islands National Park Visitor Center,stj,place,,,,,,,,
place:water-island-ferry-terminal,Water Island Ferry Terminal,stt,place,,,,,,,,
place:yacht-haven-grande,Yacht Haven Grande,stt,place,,,,,,,,
beach:abi-beach,Abi Beach,stt,beach,,,,,,,,
beach:banana-bay,Banana Bay,stj,beach,,,,,,,,
beach:brewers-bay,Brewers Bay,stt,beach,,,,,,,,
beach:brown-bay,Brown Bay,stj,beach,,,,,,,,
beach:cane-bay,Cane Bay,stx,beach,,,,,,,,
beach:caneel-bay,Caneel Bay,stj,beach,,,,,,,,
beach:caret-bay,Caret Bay,stt,beach,,,,,,,,
beach:chenay-bay,Chenay Bay,stx,beach,,,,,,,,
beach:cinnamon-bay,Cinnamon Bay,stj,beach,,,,,,,,
beach:coki-point,Coki Point,stt,beach,,,,,,,,
beach:columbus-landing,Columbus Landing,stx,beach,,,,,,,,
beach:cowpet-bay,Cowpet Bay,stt,beach,,,,,,,,
beach:denis-bay,Denis Bay,stj,beach,,,,,,,,
beach:dorothea-beach,Dorothea Beach,stt,beach,,,,,,,,
beach:dorsch-beach,Dorsch Beach,stx,beach,,,,,,,,
beach:francis-bay,Francis Bay,stj,beach,,,,,,,,
beach:gibney-beach,Gibney Beach,stj,beach,,,,,,,,
beach:grapetree-bay,Grapetree Bay,stx,beach,,,,,,,,
beach:hansen-bay,Hansen Bay,stj,beach,,,,,,,,
beach:haulover-bay,Haulover Bay,stj,beach,,,,,,,,
beach:hawksnest-bay,Hawksnest Bay,stj,beach,,,,,,,,
beach:honeymoon-beach,Honeymoon Beach,stj,beach,,,,,,,,
beach:honeymoon-water-island,Honeymoon Water Island,stt,beach,,,,,,,,
beach:isaac-bay,Isaac Bay,stx,beach,,,,,,,,
beach:jack-bay,Jack Bay,stx,beach,,,,,,,,
beach:jumbie-bay,Jumbie Bay,stj,beach,,,,,,,,
beach:lameshur-bay,Lameshur Bay,stj,beach,,,,,,,,
beach:lindquist-beach,Lindquist Beach,stt,beach,,,,,,,,
beach:magens-bay,Magens Bay,stt,beach,,,,,,,,
beach:maho-bay,Maho Bay,stj,beach,,,,,,,,
beach:mermaids-chair,Mermaids Chair,stt,beach,,,,,,,,
beach:michelles-beach,Michelles Beach,stx,beach,,,,,,,,
beach:morningstar-beach,Morningstar Beach,stt,beach,,,,,,,,
beach:nazareth-bay,Nazareth Bay,stt,beach,,,,,,,,
beach:pelican-cove,Pelican Cove,stx,beach,,,,,,,,
beach:rainbow-beach,Rainbow Beach,stx,beach,,,,,,,,
beach:reef-bay,Reef Bay,stj,beach,,,,,,,,
beach:salomon-beach,Salomon Beach,stj,beach,,,,,,,,
beach:salt-pond-bay,Salt Pond Bay,stj,beach,,,,,,,,
beach:sandy-point,Sandy Point,stx,beach,,,,,,,,
beach:santa-maria-beach,Santa Maria Beach,stt,beach,,,,,,,,
beach:shoys-beach,Shoys Beach,stx,beach,,,,,,,,
beach:teague-bay,Teague Bay,stx,beach,,,,,,,,
beach:trunk-bay,Trunk Bay,stj,beach,,,,,,,,
beach:turtle-beach-buck-island,Turtle Beach Buck Island,stx,beach,,,,,,,,
beach:vessup-bay,Vessup Bay,stt,beach,,,,,,,,
beach:water-bay,Water Bay,stt,beach,,,,,,,,
beach:waterlemon-bay,Waterlemon Bay,stj,beach,,,,,,,,
historic:annaberg-historic-district,Annaberg Historic District,stj,historic,,,,,,,,
historic:barracks-no-2,Barracks No. 2,stt,historic,,,,,,,,
historic:benjamin-franklin-school,Benjamin Franklin School,stj,historic,,,,,,,,
historic:synagogue-beracha-veshalom,Beracha Veshalom Synagogue,stt,historic,,,,,,,,
historic:bethlehem-middle-works-historic-district,Bethlehem Middle Works Historic District,stx,historic,,,,,,,,
historic:bethlehem-sugar-factory,Bethlehem Sugar Factory,stt,historic,,,,,,,,
historic:blackbeards-castle-skytsborg,Blackbeard's Castle (Skytsborg),stt,historic,,,,,,,,
historic:bluebeards-castle-tower,Bluebeard's Castle Tower,stt,historic,,,,,,,,
historic:bordeaux,Bordeaux,stt,historic,,,,,,,,
historic:brown-bay-plantation-historic-district,Brown Bay Plantation Historic District,stj,historic,,,,,,,,
historic:catherineberg-jockumsdahl-herman-farm,Catherineberg-Jockumsdahl-Herman Farm,stj,historic,,,,,,,,
historic:charlotte-amalie-historic-district,Charlotte Amalie Historic District,stt,historic,,,,,,,,
historic:charlotte-amalie-historic-district-boundary-increase,Charlotte Amalie Historic District (Boundary Increase),stt,historic,,,,,,,,
historic:christiansted-historic-district,Christiansted Historic District,stx,historic,,,,,,,,
historic:christiansted-nhs-custom-house,Christiansted NHS Custom House,stx,historic,,,,,,,,
historic:christiansted-nhs-fort-christiansvaern,Christiansted NHS Fort Christiansvaern,stx,historic,,,,,,,,
historic:christiansted-nhs-scale-house,Christiansted NHS Scale House,stx,historic,,,,,,,,
historic:christiansted-nhs-steeple-building,Christiansted NHS Steeple Building,stx,historic,,,,,,,,
historic:cinnamon-bay-plantation,Cinnamon Bay Plantation,stj,historic,,,,,,,,
historic:cinnamon-bay-sugar-works,Cinnamon Bay Sugar Works,stj,historic,,,,,,,,
historic:coakley-bay-estate,Coakley Bay Estate,stx,historic,,,,,,,,
historic:cruz-bay-battery,Cruz Bay Battery,stj,historic,,,,,,,,
historic:cruz-bay-town-historic-district,Cruz Bay Town Historic District,stj,historic,,,,,,,,
historic:danish-west-india-and-guinea-company-warehouse,Danish West India and Guinea Company Warehouse,stx,historic,,,,,,,,
historic:dennis-bay-historic-district,Dennis Bay Historic District,stj,historic,,,,,,,,
historic:diamond-school,Diamond School,stx,historic,,,,,,,,
historic:east-end-schoolhouse-st-john-us-virgin-islands,East End Schoolhouse: St. John US Virgin Islands,stj,historic,,,,,,,,
historic:emancipation-garden,Emancipation Garden,stt,historic,,,,,,,,
historic:emmaus-moravian-church,Emmaus Moravian Church,stt,historic,,,,,,,,
historic:emmaus-moravian-church-and-manse,Emmaus Moravian Church and Manse,stj,historic,,,,,,,,
historic:enighed,Enighed,stj,historic,,,,,,,,
historic:estate-beverhoudt,Estate Beverhoudt,stj,historic,,,,,,,,
historic:estate-botany-bay,Estate Botany Bay,stt,historic,,,,,,,,
historic:estate-brewers-bay,Estate Brewers Bay,stt,historic,,,,,,,,
historic:estate-butlers-bay,Estate Butler's Bay,stx,historic,,,,,,,,
historic:estate-carolina-sugar-plantation,Estate Carolina Sugar Plantation,stj,historic,,,,,,,,
historic:estate-grove-place,Estate Grove Place,stx,historic,,,,,,,,
historic:estate-hafensight,Estate Hafensight,stt,historic,,,,,,,,
historic:estate-hogansborg,Estate Hogansborg,stx,historic,,,,,,,,
historic:estate-judiths-fancy,Estate Judith's Fancy,stx,historic,,,,,,,,
historic:estate-la-reine,Estate La Reine,stx,historic,,,,,,,,
historic:estate-little-princess,Estate Little Princess,stx,historic,,,,,,,,
historic:estate-mount-victory,Estate Mount Victory,stx,historic,,,,,,,,
historic:estate-neltjeberg,Estate Neltjeberg,stt,historic,,,,,,,,
historic:estate-niesky,Estate Niesky,stt,historic,,,,,,,,
historic:estate-perseverance,Estate Perseverance,stt,historic,,,,,,,,
historic:estate-prosperity,Estate Prosperity,stx,historic,,,,,,,,
historic:estate-saint-george-historic-district,Estate Saint George Historic District,stx,historic,,,,,,,,
historic:estate-st-john,Estate St. John,stx,historic,,,,,,,,
historic:estate-whim-greathouse,Estate Whim Greathouse,stx,historic,,,,,,,,
historic:evelyn-e-marcelli-elementary-school,Evelyn E. Marcelli Elementary School,stt,historic,,,,,,,,
historic:fortsberg-corral-bay,Fortsberg Corral Bay,stj,historic,,,,,,,,
historic:frederick-lutheran-church,Frederick Lutheran Church,stt,historic,,,,,,,,
historic:frederiksted-historic-district,Frederiksted Historic District,stx,historic,,,,,,,,
historic:friedensfeld-midlands-moravian-church-and-manse,Friedensfeld Midlands Moravian Church and Manse,stx,historic,,,,,,,,
historic:friedensthal-mission,Friedensthal Mission,stx,historic,,,,,,,,
historic:ft-frederik-of-us-virgin-islands,Ft. Frederik of US Virgin Islands,stx,historic,,,,,,,,
historic:government-house-stt,"Government House, St. Thomas",stt,historic,,,,,,,,
historic:green-kay,Green Kay,stx,historic,,,,,,,,
historic:hamburg-america-shipping-line-administrative-offices,Hamburg-America Shipping Line Administrative Offices,stt,historic,,,,,,,,
historic:hams-bluff-light,Hams Bluff Light,stx,historic,,,,,,,,
historic:hassel-island-additional-documentation,Hassel Island (Additional Documentation),stt,historic,,,,,,,,
historic:hassel-island-creque-marine-railway,Hassel Island Creque Marine Railway,stt,historic,,,,,,,,
historic:hassel-island-fort-willoughby,Hassel Island Fort Willoughby,stt,historic,,,,,,,,
historic:hassel-island-historic-district-boundary-increase,Hassel Island Historic District (Boundary Increase),stt,historic,,,,,,,,
historic:hermitage-plantation-historic-district,Hermitage Plantation Historic District,stj,historic,,,,,,,,
historic:holy-cross-episcopal-church,Holy Cross Episcopal Church,stx,historic,,,,,,,,
historic:jossie-gut-historic-district,Jossie Gut Historic District,stj,historic,,,,,,,,
historic:kingshill-lutheran-church,Kingshill Lutheran Church,stx,historic,,,,,,,,
historic:lesperance-historic-district,L'Esperance Historic District,stj,historic,,,,,,,,
historic:la-grande-princesse-school,La Grande Princesse School,stx,historic,,,,,,,,
historic:la-grange-historic-district,La Grange Historic District,stx,historic,,,,,,,,
historic:lameshur-plantation,Lameshur Plantation,stj,historic,,,,,,,,
historic:liever-marches-bay-historic-district,Liever Marches Bay Historic District,stj,historic,,,,,,,,
historic:lind-point-fort,Lind Point Fort,stj,historic,,,,,,,,
historic:little-la-grange,Little La Grange,stx,historic,,,,,,,,
historic:mafolie-great-house,Mafolie Great House,stt,historic,,,,,,,,
historic:market-square-pladsen,Market Square (Pladsen),stt,historic,,,,,,,,
historic:mary-point-estate,Mary Point Estate,stj,historic,,,,,,,,
historic:more-hill-historic-district,More Hill Historic District,stj,historic,,,,,,,,
historic:new-herrnhut-moravian-church,New Herrnhut Moravian Church,stt,historic,,,,,,,,
historic:peace-hill-ruins,Peace Hill Ruins,stj,historic,,,,,,,,
historic:reef-bay-great-house-historic-district,Reef Bay Great House Historic District,stj,historic,,,,,,,,
historic:reef-bay-sugar-factory-historic-district,Reef Bay Sugar Factory Historic District,stj,historic,,,,,,,,
historic:reef-bay-sugar-mill,Reef Bay Sugar Mill,stj,historic,,,,,,,,
historic:reformed-dutch-church-stt,"Reformed Dutch Church, St. Thomas",stt,historic,,,,,,,,
historic:richmond-prison-detention-and-workhouse,Richmond Prison Detention and Workhouse,stx,historic,,,,,,,,
historic:rustenberg-plantation-south-historic-district,Rustenberg Plantation South Historic District,stj,historic,,,,,,,,
historic:salt-river-bay-national-historic-site-and-ecological-preserve,Salt River Bay National Historic Site and Ecological Preserve,stx,historic,,,,,,,,
historic:sion-hill,Sion Hill,stx,historic,,,,,,,,
historic:slob-historic-district,Slob Historic District,stx,historic,,,,,,,,
historic:sprat-hall-historic-district,Sprat Hall Historic District,stx,historic,,,,,,,,
historic:st-johns-episcopal-church,St. John's Episcopal Church,stx,historic,,,,,,,,
historic:st-thomas-synagogue,St. Thomas Synagogue,stt,historic,,,,,,,,
historic:st-thomas-synagogue-beracha-veshalom-vegemiluth-hasadim,St. Thomas Synagogue-Beracha Veshalom Vegemiluth Hasadim,stt,historic,,,,,,,,
historic:strawberry-hill-historic-district,Strawberry Hill Historic District,stx,historic,,,,,,,,
historic:susannaberg-estate,Susannaberg Estate,stj,historic,,,,,,,,
historic:trunk-bay-sugar-factory,Trunk Bay Sugar Factory,stj,historic,,,,,,,,
historic:tutu-plantation-house,Tutu Plantation House,stt,historic,,,,,,,,
historic:venus-hill,Venus Hill,stt,historic,,,,,,,,
historic:whim,Whim,stx,historic,,,,,,,,
