title,file,imagePath
"Gladys Café","","/images/places/st-thomas/gladys-caf-1.jpg"
"Oceana Restaurant","","/images/places/st-thomas/oceana-restaurant-1.jpg"
"Blue Eleven","","/images/places/st-thomas/blue-eleven-1.jpg"
"Fish Bar","","/images/places/st-thomas/fish-bar-1.jpg"
"Pesce Italian","","/images/places/st-thomas/pesce-italian-1.jpg"
"Agave","","/images/places/st-thomas/agave-1.jpg"
"Sun & Sea Bar & Grill","","/images/places/st-thomas/sun-and-sea-bar-and-grill-1.jpg"
"Three Palms","","/images/places/st-thomas/three-palms-1.jpg"
"Mims Seaside Bistro","","/images/places/st-thomas/mims-seaside-bistro-1.jpg"
"Hook Line & Sinker","","/images/places/st-thomas/hook-line-and-sinker-1.jpg"
"Greengo's Caribbean Cantina","","/images/places/st-thomas/greengos-caribbean-cantina-1.jpg"
"Virgilio's","","/images/places/st-thomas/virgilios-1.jpg"
"Amalia Café","","/images/places/st-thomas/amalia-caf-1.jpg"
"The Twisted Cork","","/images/places/st-thomas/the-twisted-cork-1.jpg"
"Sea La Vie","","/images/places/st-thomas/sea-la-vie-1.jpg"
"Petit Pump Room","","/images/places/st-thomas/petit-pump-room-1.jpg"
"Tickles Dockside Pub","","/images/places/st-thomas/tickles-dockside-pub-1.jpg"
"Sibs on the Mountain","","/images/places/st-thomas/sibs-on-the-mountain-1.jpg"
"French Quarter Bistro","","/images/places/st-thomas/french-quarter-bistro-1.jpg"
"The Shack at Hull Bay","","/images/places/st-thomas/the-shack-at-hull-bay-1.jpg"
"Pangea Terra Table","","/images/places/st-thomas/pangea-terra-table-1.jpg"
"Smoke Up Fusion BBQ","","/images/places/st-thomas/smoke-up-fusion-bbq-1.jpg"
"Caribbean Fish Market","","/images/places/st-thomas/caribbean-fish-market-1.jpg"
"Iggies Beach Bar","","/images/places/st-thomas/iggies-beach-bar-1.jpg"
"Lanai at Limetree","","/images/places/st-thomas/lanai-at-limetree-1.jpg"
"Prime at Paradise Point","","/images/places/st-thomas/prime-at-paradise-point-1.jpg"
"Tap and Still Havensight","","/images/places/st-thomas/tap-and-still-havensight-1.jpg"
"XO Bistro","","/images/places/st-thomas/xo-bistro-1.jpg"
"Melt Mexican Grill","","/images/places/st-thomas/melt-mexican-grill-1.jpg"
"Island Time Pub","","/images/places/st-thomas/island-time-pub-1.jpg"
"Pie Whole Pizza","","/images/places/st-thomas/pie-whole-pizza-1.jpg"
"The Easterly","","/images/places/st-thomas/the-easterly-1.jpg"
"Sangria's Beachside Bistro","","/images/places/st-thomas/sangrias-beachside-bistro-1.jpg"
"Enkai Sushi Bar","","/images/places/st-thomas/enkai-sushi-bar-1.jpg"
"Carigas Island Café","","/images/places/st-thomas/carigas-island-caf-1.jpg"
"Brooks Bar","","/images/places/st-thomas/brooks-bar-1.jpg"
"Udder Delights","","/images/places/st-thomas/udder-delights-1.jpg"
"The Greenhouse St. Thomas","","/images/places/st-thomas/the-greenhouse-st-thomas-1.jpg"
"Rum Island Pub","","/images/places/st-thomas/rum-island-pub-1.jpg"
"The Smoking Rooster","","/images/places/st-thomas/the-smoking-rooster-1.jpg"
"Northside Bistro","","/images/places/st-thomas/northside-bistro-1.jpg"
"Side Street Pub","","/images/places/st-thomas/side-street-pub-1.jpg"
"Bumpa's Breakfast","","/images/places/st-thomas/bumpas-breakfast-1.jpg"
"Barefoot Buddha","","/images/places/st-thomas/barefoot-buddha-1.jpg"
"Cravin' Crabs","","/images/places/st-thomas/cravin-crabs-1.jpg"
"Sugarcane Grille","","/images/places/st-thomas/sugarcane-grille-1.jpg"
"Sudi's Caribbean Bar & Grille","","/images/places/st-thomas/sudis-caribbean-bar-and-grille-1.jpg"
"Shama's Specialties","","/images/places/st-thomas/shamas-specialties-1.jpg"
"Petra's Dushi by the Sea","","/images/places/st-thomas/petras-dushi-by-the-sea-1.jpg"
"Hull Bay Hideaway","","/images/places/st-thomas/hull-bay-hideaway-1.jpg"
"Sapphire Beach Bar","","/images/places/st-thomas/sapphire-beach-bar-1.jpg"
"Margaritaville Restaurant","","/images/places/st-thomas/margaritaville-restaurant-1.jpg"
"Taphus Beer House","","/images/places/st-thomas/taphus-beer-house-1.jpg"
"El Gringos","","/images/places/st-thomas/el-gringos-1.jpg"
"Dog House Pub","","/images/places/st-thomas/dog-house-pub-1.jpg"
"Rooftop Bar Charlotte Amalie","","/images/places/st-thomas/rooftop-bar-charlotte-amalie-1.jpg"
"Morgan's Mango","","/images/places/st-john/morgans-mango-1.jpg"
"The Longboard","","/images/places/st-john/the-longboard-1.jpg"
"The Lime Inn","","/images/places/st-john/the-lime-inn-1.jpg"
"The Beach Bar","","/images/places/st-john/the-beach-bar-1.jpg"
"High Tide Bar & Seafood Grill","","/images/places/st-john/high-tide-bar-and-seafood-grill-1.jpg"
"Sun Dog Café","","/images/places/st-john/sun-dog-caf-1.jpg"
"Extra Virgin Bistro","","/images/places/st-john/extra-virgin-bistro-1.jpg"
"18°64° The Restaurant","","/images/places/st-john/18-64-the-restaurant-1.jpg"
"Cruz Bay Landing","","/images/places/st-john/cruz-bay-landing-1.jpg"
"Sam & Jack's Deli","","/images/places/st-john/sam-and-jacks-deli-1.jpg"
"Woody's Seafood Saloon","","/images/places/st-john/woodys-seafood-saloon-1.jpg"
"La Tapa","","/images/places/st-john/la-tapa-1.jpg"
"Dave & Jerry's Steakhouse","","/images/places/st-john/dave-and-jerrys-steakhouse-1.jpg"
"Lovango Rum Bar","","/images/places/st-john/lovango-rum-bar-1.jpg"
"Skinny Legs","","/images/places/st-john/skinny-legs-1.jpg"
"Aqua Bistro","","/images/places/st-john/aqua-bistro-1.jpg"
"Miss Lucy's","","/images/places/st-john/miss-lucys-1.jpg"
"Rhumb Lines","","/images/places/st-john/rhumb-lines-1.jpg"
"North Shore Deli","","/images/places/st-john/north-shore-deli-1.jpg"
"The Terrace","","/images/places/st-john/the-terrace-1.jpg"
"Hillside Terrace","","/images/places/st-john/hillside-terrace-1.jpg"
"Mooie's Bar","","/images/places/st-john/mooies-bar-1.jpg"
"STJ Speakeasy","","/images/places/st-john/stj-speakeasy-1.jpg"
"St. John Brewers Tap Room","","/images/places/st-john/st-john-brewers-tap-room-1.jpg"
"Pizza Pi","","/images/places/st-john/pizza-pi-1.jpg"
"Uncle Joe's BBQ","","/images/places/st-john/uncle-joes-bbq-1.jpg"
"Our Market Smoothies","","/images/places/st-john/our-market-smoothies-1.jpg"
"Shambles","","/images/places/st-john/shambles-1.jpg"
"Surf Club Cantina","","/images/places/st-john/surf-club-cantina-1.jpg"
"Café Roma","","/images/places/st-john/caf-roma-1.jpg"
"Banana Deck","","/images/places/st-john/banana-deck-1.jpg"
"420 to Center","","/images/places/st-john/420-to-center-1.jpg"
"Caneel Beach Bar","","/images/places/st-john/caneel-beach-bar-1.jpg"
"Windmill Bar","","/images/places/st-john/windmill-bar-1.jpg"
"Johnny Lime","","/images/places/st-john/johnny-lime-1.jpg"
"Ama at Cane Bay","","/images/places/st-croix/ama-at-cane-bay-1.jpg"
"Savant","","/images/places/st-croix/savant-1.jpg"
"Rhythms at Rainbow Beach","","/images/places/st-croix/rhythms-at-rainbow-beach-1.jpg"
"The Mill Boardwalk Bar & Pizza","","/images/places/st-croix/the-mill-boardwalk-bar-and-pizza-1.jpg"
"The Landing Beach Bar","","/images/places/st-croix/the-landing-beach-bar-1.jpg"
"Bon Manjer","","/images/places/st-croix/bon-manjer-1.jpg"
"Harvey's","","/images/places/st-croix/harveys-1.jpg"
"Beach Side Café","","/images/places/st-croix/beach-side-caf-1.jpg"
"Ziggy's Island Market","","/images/places/st-croix/ziggys-island-market-1.jpg"
"La Reine Chicken Shack","","/images/places/st-croix/la-reine-chicken-shack-1.jpg"
"Duggan's Reef","","/images/places/st-croix/duggans-reef-1.jpg"
"Nate's Boathouse","","/images/places/st-croix/nates-boathouse-1.jpg"
"Too Chez","","/images/places/st-croix/too-chez-1.jpg"
"The Terrace Restaurant","","/images/places/st-croix/the-terrace-restaurant-1.jpg"
"Harbour Prime Steak and Seafood","","/images/places/st-croix/harbour-prime-steak-and-seafood-1.jpg"
"No Bones Café","","/images/places/st-croix/no-bones-caf-1.jpg"
"Caroline's Breakfast","","/images/places/st-croix/carolines-breakfast-1.jpg"
"Brew STX","","/images/places/st-croix/brew-stx-1.jpg"
"Polly's at the Pier","","/images/places/st-croix/pollys-at-the-pier-1.jpg"
"Six Nine Restaurant & Bar","","/images/places/st-croix/six-nine-restaurant-and-bar-1.jpg"
"Tap Deck Bar & Billiards","","/images/places/st-croix/tap-deck-bar-and-billiards-1.jpg"
"Flyers Bar & Grill","","/images/places/st-croix/flyers-bar-and-grill-1.jpg"
"Turtle's Deli","","/images/places/st-croix/turtles-deli-1.jpg"
"Ci Bo Né","","/images/places/st-croix/ci-bo-n-1.jpg"
"40 Strand Eatery","","/images/places/st-croix/40-strand-eatery-1.jpg"
"balter","","/images/places/st-croix/balter-1.jpg"
"The Bombay Club","","/images/places/st-croix/the-bombay-club-1.jpg"
"Hamilton's","","/images/places/st-croix/hamiltons-1.jpg"
"Toast Diner","","/images/places/st-croix/toast-diner-1.jpg"
"Maria's Cantina","","/images/places/st-croix/marias-cantina-1.jpg"
"Singh's Fast Food","","/images/places/st-croix/singhs-fast-food-1.jpg"
"Kendricks","","/images/places/st-croix/kendricks-1.jpg"
"Cast Iron Pot","","/images/places/st-croix/cast-iron-pot-1.jpg"
"El Sol Bar and Restaurant","","/images/places/st-croix/el-sol-bar-and-restaurant-1.jpg"
"Nauti Bar and Grille","","/images/places/st-croix/nauti-bar-and-grille-1.jpg"
"Off the Wall","","/images/places/st-croix/off-the-wall-1.jpg"
"Spratnet Beach Bar","","/images/places/st-croix/spratnet-beach-bar-1.jpg"
"Rowdy Joe's","","/images/places/st-croix/rowdy-joes-1.jpg"
"Leatherback Brewing Company","","/images/places/st-croix/leatherback-brewing-company-1.jpg"
"The Fred Beach Bar","","/images/places/st-croix/the-fred-beach-bar-1.jpg"
"Goat Soup and Whiskey","","/images/places/st-croix/goat-soup-and-whiskey-1.jpg"
"Sion Farm Distillery","","/images/places/st-croix/sion-farm-distillery-1.jpg"
"Deep End Bar","","/images/places/st-croix/deep-end-bar-1.jpg"
"Cheeseburgers in America's Paradise","","/images/places/st-croix/cheeseburgers-in-americas-paradise-1.jpg"
"TLC Kitchen","","/images/places/st-croix/tlc-kitchen-1.jpg"
"Blues' Backyard BBQ","","/images/places/st-croix/blues-backyard-bbq-1.jpg"
"Twin City Coffee House","","/images/places/st-croix/twin-city-coffee-house-1.jpg"
"Common Cents Pub","","/images/places/st-croix/common-cents-pub-1.jpg"
"Salt Great Pond","","/images/places/st-croix/salt-great-pond-1.jpg"
"Paradise Pizza","","/images/places/st-croix/paradise-pizza-1.jpg"
"St. Croix Cellars","","/images/places/st-croix/st-croix-cellars-1.jpg"
"Cafe Fresco","","/images/places/st-croix/cafe-fresco-1.jpg"
"Taco Shack","","/images/places/st-croix/taco-shack-1.jpg"
"Kim's Restaurant","","/images/places/st-croix/kims-restaurant-1.jpg"
"Chicken Shack","","/images/places/st-croix/chicken-shack-1.jpg"
"Eden South","","/images/places/st-croix/eden-south-1.jpg"
"Seaside Market Deli","","/images/places/st-croix/seaside-market-deli-1.jpg"
"Café Christine","","/images/places/st-croix/caf-christine-1.jpg"
"Dinghy's Beach Bar","","/images/places/water-island/dinghys-beach-bar-1.jpg"
"Heidi's Honeymoon Grill","","/images/places/water-island/heidis-honeymoon-grill-1.jpg"
"Water Island Beach Bar","","/images/places/water-island/water-island-beach-bar-1.jpg"
"Fort Christian","","/images/places/st-thomas/fort-christian-1.jpg"
"Mountain Top","","/images/places/st-thomas/mountain-top-1.jpg"
"Drake's Seat","","/images/places/st-thomas/drakes-seat-1.jpg"
"99 Steps","","/images/places/st-thomas/99-steps-1.jpg"
"Blackbeard's Castle","","/images/places/st-thomas/blackbeards-castle-1.jpg"
"Yacht Haven Grande","","/images/places/st-thomas/yacht-haven-grande-1.jpg"
"Charlotte Amalie Historic District","","/images/places/st-thomas/charlotte-amalie-historic-district-1.jpg"
"Emancipation Garden","","/images/places/st-thomas/emancipation-garden-1.jpg"
"Vendor's Plaza","","/images/places/st-thomas/vendors-plaza-1.jpg"
"St. Thomas Synagogue","","/images/places/st-thomas/st-thomas-synagogue-1.jpg"
"Seven Arches Museum","","/images/places/st-thomas/seven-arches-museum-1.jpg"
"Bluebeard's Castle","","/images/places/st-thomas/bluebeards-castle-1.jpg"
"Magens Bay Arboretum","","/images/places/st-thomas/magens-bay-arboretum-1.jpg"
"VI Children's Museum","","/images/places/st-thomas/vi-childrens-museum-1.jpg"
"Phantasea Tropical Botanical Garden","","/images/places/st-thomas/phantasea-tropical-botanical-garden-1.jpg"
"Red Hook Marina","","/images/places/st-thomas/red-hook-marina-1.jpg"
"Secret Harbour Marina","","/images/places/st-thomas/secret-harbour-marina-1.jpg"
"Coki Dive Center","","/images/places/st-thomas/coki-dive-center-1.jpg"
"Havensight Mall","","/images/places/st-thomas/havensight-mall-1.jpg"
"Crown Bay Center","","/images/places/st-thomas/crown-bay-center-1.jpg"
"Water Island Fort Segarra","","/images/places/st-thomas/water-island-fort-segarra-1.jpg"
"Honeymoon Beach Water Island","","/images/places/st-thomas/honeymoon-beach-water-island-1.jpg"
"Cruz Bay Visitor Center","","/images/places/st-john/cruz-bay-visitor-center-1.jpg"
"Virgin Islands National Park","","/images/places/st-john/virgin-islands-national-park-1.jpg"
"Cinnamon Bay Archaeology Museum","","/images/places/st-john/cinnamon-bay-archaeology-museum-1.jpg"
"Reef Bay Trail","","/images/places/st-john/reef-bay-trail-1.jpg"
"Petroglyphs Trail","","/images/places/st-john/petroglyphs-trail-1.jpg"
"Bordeaux Mountain","","/images/places/st-john/bordeaux-mountain-1.jpg"
"Leinster Bay Trail","","/images/places/st-john/leinster-bay-trail-1.jpg"
"Frederiksted Pier","","/images/places/st-croix/frederiksted-pier-1.jpg"
"Dorsch Beach","","/images/places/st-croix/dorsch-beach-1.jpg"
"Cruz Bay Ferry Dock","","/images/places/st-thomas/cruz-bay-ferry-dock-1.jpg"
"Cruz Bay Taxi Stand","","/images/places/st-thomas/cruz-bay-taxi-stand-1.jpg"
"Coral Bay Taxi Stand","","/images/places/st-john/coral-bay-taxi-stand-1.jpg"
"Henry E. Rohlsen Airport","","/images/places/st-john/henry-e-rohlsen-airport-1.jpg"
"Water Island Ferry Terminal","","/images/places/st-croix/water-island-ferry-terminal-1.jpg"
"Crown Bay Marina","","/images/places/st-croix/crown-bay-marina-1.jpg"
"Yacht Haven Grande Marina","","/images/places/st-croix/yacht-haven-grande-marina-1.jpg"
"American Yacht Harbor","","/images/places/st-croix/american-yacht-harbor-1.jpg"
"Sapphire Marina","","/images/places/st-croix/sapphire-marina-1.jpg"
"Compass Point Marina","","/images/places/st-croix/compass-point-marina-1.jpg"
"Duffy's Love Shack","","/images/places/st-john/duffys-love-shack-1.jpg"
"Tap and Still Red Hook","","/images/places/st-croix/tap-and-still-red-hook-1.jpg"
"Rum Runners","","/images/places/st-thomas/rum-runners-1.jpg"
"Shupe's on the Boardwalk","","/images/places/st-thomas/shupes-on-the-boardwalk-1.jpg"
"Louie & Nacho's Beach Bar","","/images/places/st-thomas/louie-and-nachos-beach-bar-1.jpg"
"Mermaid's Chair Trail","","/images/places/st-thomas/mermaids-chair-trail-1.jpg"
"Water Island Fort Segarra Trail","","/images/places/st-thomas/water-island-fort-segarra-trail-1.jpg"
"Magens Bay Beach","","/images/places/st-thomas/magens-bay-beach-1.jpg"
"Coki Point Beach","","/images/places/st-thomas/coki-point-beach-1.jpg"
"Sapphire Beach","","/images/places/st-thomas/sapphire-beach-1.jpg"
"Lindquist Beach","","/images/places/st-thomas/lindquist-beach-1.jpg"
"Secret Harbour Beach","","/images/places/st-thomas/secret-harbour-beach-1.jpg"
"Brewers Bay Beach","","/images/places/st-thomas/brewers-bay-beach-1.jpg"
"Hull Bay Beach","","/images/places/st-thomas/hull-bay-beach-1.jpg"
"Morningstar Beach","","/images/places/st-thomas/morningstar-beach-1.jpg"
"Bolongo Bay Beach","","/images/places/st-thomas/bolongo-bay-beach-1.jpg"
"Limetree Beach","","/images/places/st-thomas/limetree-beach-1.jpg"
"Cowpet Bay Beach","","/images/places/st-thomas/cowpet-bay-beach-1.jpg"
"Vessup Bay Beach","","/images/places/st-thomas/vessup-bay-beach-1.jpg"
"Dorothea Beach","","/images/places/st-thomas/dorothea-beach-1.jpg"
"Neltjeberg Bay Beach","","/images/places/st-thomas/neltjeberg-bay-beach-1.jpg"
"Santa Maria Bay Beach","","/images/places/st-thomas/santa-maria-bay-beach-1.jpg"
"Mermaid's Chair","","/images/places/st-thomas/mermaids-chair-1.jpg"
"Honeymoon Beach Water Island","","/images/places/water-island/honeymoon-beach-water-island-1.jpg"
"Limestone Bay Beach","","/images/places/water-island/limestone-bay-beach-1.jpg"
"Trunk Bay Beach","","/images/places/st-john/trunk-bay-beach-1.jpg"
"Cinnamon Bay Beach","","/images/places/st-john/cinnamon-bay-beach-1.jpg"
"Maho Bay Beach","","/images/places/st-john/maho-bay-beach-1.jpg"
"Hawksnest Beach","","/images/places/st-john/hawksnest-beach-1.jpg"
"Francis Bay Beach","","/images/places/st-john/francis-bay-beach-1.jpg"
"Salt Pond Bay Beach","","/images/places/st-john/salt-pond-bay-beach-1.jpg"
"Honeymoon Beach St. John","","/images/places/st-john/honeymoon-beach-st-john-1.jpg"
"Jumbie Bay Beach","","/images/places/st-john/jumbie-bay-beach-1.jpg"
"Gibney Beach","","/images/places/st-john/gibney-beach-1.jpg"
"Denis Bay Beach","","/images/places/st-john/denis-bay-beach-1.jpg"
"Waterlemon Cay Beach","","/images/places/st-john/waterlemon-cay-beach-1.jpg"
"Hansen Bay Beach","","/images/places/st-john/hansen-bay-beach-1.jpg"
"Haulover Bay Beach","","/images/places/st-john/haulover-bay-beach-1.jpg"
"Great Cruz Bay Beach","","/images/places/st-john/great-cruz-bay-beach-1.jpg"
"Rainbow Beach","","/images/places/st-croix/rainbow-beach-1.jpg"
"Cane Bay Beach","","/images/places/st-croix/cane-bay-beach-1.jpg"
"Sandy Point Beach","","/images/places/st-croix/sandy-point-beach-1.jpg"
"Shoys Beach","","/images/places/st-croix/shoys-beach-1.jpg"
"Buccaneer Beach","","/images/places/st-croix/buccaneer-beach-1.jpg"
"Pelican Cove Beach","","/images/places/st-croix/pelican-cove-beach-1.jpg"
"Protestant Cay Beach","","/images/places/st-croix/protestant-cay-beach-1.jpg"
"Grapetree Bay Beach","","/images/places/st-croix/grapetree-bay-beach-1.jpg"
"Jack and Isaac Bay Beach","","/images/places/st-croix/jack-and-isaac-bay-beach-1.jpg"
"Sprat Hall Beach","","/images/places/st-croix/sprat-hall-beach-1.jpg"
"Frederiksted Beach","","/images/places/st-croix/frederiksted-beach-1.jpg"
"Annaly Bay Beach","","/images/places/st-croix/annaly-bay-beach-1.jpg"
"Tamarind Reef Beach","","/images/places/st-croix/tamarind-reef-beach-1.jpg"
