island,estateName,missing,sampleParcelId,sampleLabel
st_croix,Barren Spot (West),890,2026500023100,Parcel 2026500023100 · Estate Barren Spot (West)
st_croix,Carlton,707,406000043200,Parcel 406000043200 · Estate Carlton
st_john,Carolina,705,304004010500,Parcel 304004010500 · Estate Carolina
st_croix,Grove Place,650,404200004600,Parcel 404200004600 · Estate Grove Place
st_john,Chocolate Hole,552,308101260900,Parcel 308101260900 · Estate Chocolate Hole
st_croix,La Grande Princesse,548,201400045400,Parcel 201400045400 · Estate La Grande Princesse
st_croix,Christiansted,539,204902051800,Parcel 204902051800 · Estate Christiansted
st_croix,La Grange,534,402100014600,Parcel 402100014600 · Estate La Grange
st_croix,Diamond,523,204600004000,Parcel 204600004000 · Estate Diamond
st_croix,MOUNT PLEASANT (South),462,406200036400,Parcel 406200036400 · Estate MOUNT PLEASANT (South)
st_croix,Frederiksted,454,405816010100,Parcel 405816010100 · Estate Frederiksted
st_croix,Eliza'S Retreat,443,205000010800,Parcel 205000010800 · Estate Eliza'S Retreat
st_croix,Two Brothers / Smithfield / Hesselberg,443,407500040100,Parcel 407500040100 · Estate Two Brothers / Smithfield / Hesselberg
st_croix,Vicorp Land,408,204400040200,Parcel 204400040200 · Estate Vicorp Land
st_croix,La Vallee,350,201100015200,Parcel 201100015200 · Estate La Vallee
st_croix,CONCORDIA (West),336,407600015200,Parcel 407600015200 · Estate CONCORDIA (West)
st_john,Caneel Bay,333,303703020100,Parcel 303703020100 · Estate Caneel Bay
st_john,Fish Bay,306,308202034000,Parcel 308202034000 · Estate Fish Bay
st_croix,Colquohoun,305,204400001070,Parcel 204400001070 · Estate Colquohoun
st_croix,Catherine'S Rest,305,2049000300A1,Parcel 2049000300A1 · Estate Catherine'S Rest
st_croix,Clifton Hill,302,206500010000,Parcel 206500010000 · Estate Clifton Hill
st_john,Enighed,300,306003020100,Parcel 306003020100 · Estate Enighed
st_croix,Castle Coakley,296,206600021700,Parcel 206600021700 · Estate Castle Coakley
st_croix,Bugby Hole,286,2027000012000,Parcel 2027000012000 · Estate Bugby Hole
st_croix,Boetzberg,285,203000000500,Parcel 203000000500 · Estate Boetzberg
st_croix,Annas Hope,273,204813010500,Parcel 204813010500 · Estate Annas Hope
st_croix,Union & Mount Washington,239,205202033100,Parcel 205202033100 · Estate Union & Mount Washington
st_croix,Work & Rest,236,206800010200,Parcel 206800010200 · Estate Work & Rest
st_croix,Peter'S Rest,230,206700020100,Parcel 206700020100 · Estate Peter'S Rest
st_croix,Upper Love,222,404300030200,Parcel 404300030200 · Estate Upper Love
st_croix,Cane,216,407800010100,Parcel 407800010100 · Estate Cane
st_john,Hansen Bay,208,304403010400,Parcel 304403010400 · Estate Hansen Bay
st_croix,Cane Garden,196,208400022300,Parcel 208400022300 · Estate Cane Garden
st_croix,WHIM (East),194,407700010500,Parcel 407700010500 · Estate WHIM (East)
st_croix,Golden Rock,193,2027000300A8,Parcel 2027000300A8 · Estate Golden Rock
st_croix,Granard,190,2068000100T-,Parcel 2068000100T- · Estate Granard
st_croix,Great Pond,188,205215010100,Parcel 205215010100 · Estate Great Pond
st_croix,Mon Bijou,185,202316041700,Parcel 202316041700 · Estate Mon Bijou
st_croix,Frederikshaab,179,406000030200,Parcel 406000030200 · Estate Frederikshaab
st_croix,Bettys Hope,178,407900040100,Parcel 407900040100 · Estate Bettys Hope
st_croix,Cotton Valley,176,203200020300,Parcel 203200020300 · Estate Cotton Valley
st_croix,Green Cay,171,201600000100,Parcel 201600000100 · Estate Green Cay
st_croix,Golden Grove,169,206040003630,Parcel 206040003630 · Estate Golden Grove
st_croix,Hermon Hill,164,204816011000,Parcel 204816011000 · Estate Hermon Hill
st_croix,Coakley Bay,163,20300020601,Parcel 20300020601 · Estate Coakley Bay
st_john,Cruz Bay Town,152,306003020400,Parcel 306003020400 · Estate Cruz Bay Town
st_john,Bethany,152,306004011700,Parcel 306004011700 · Estate Bethany
st_croix,Mount Welcome,149,202900030103,Parcel 202900030103 · Estate Mount Welcome
st_croix,Humbug,148,206800030001,Parcel 206800030001 · Estate Humbug
st_croix,Shoys,146,203000001200,Parcel 203000001200 · Estate Shoys
st_croix,All For The Better,146,203100032600,Parcel 203100032600 · Estate All For The Better
st_croix,St. Georges,143,406100020100,Parcel 406100020100 · Estate St. Georges
st_croix,Lower Love,137,406200030300,Parcel 406200030300 · Estate Lower Love
st_croix,MOUNT PLEASANT (East),129,203000004300,Parcel 203000004300 · Estate MOUNT PLEASANT (East)
st_croix,PLESSEN (South),124,406200015700,Parcel 406200015700 · Estate PLESSEN (South)
st_john,Beverhoudtsberg,119,306102023800,Parcel 306102023800 · Estate Beverhoudtsberg
st_john,Calabash Boom,114,303503030900,Parcel 303503030900 · Estate Calabash Boom
st_john,Abrahams Fancy / Maho Bay,114,30400012400,Parcel 30400012400 · Estate Abrahams Fancy / Maho Bay
st_john,Adrian,112,306102020200,Parcel 306102020200 · Estate Adrian
st_croix,Strawberry Hill,110,206600027500,Parcel 206600027500 · Estate Strawberry Hill
st_croix,Pearl,106,206700040400,Parcel 206700040400 · Estate Pearl
st_croix,Profit,105,206500030200,Parcel 206500030200 · Estate Profit
st_john,Contant,103,308101250100,Parcel 308101250100 · Estate Contant
st_croix,Hannahs Rest,101,407600016200,Parcel 407600016200 · Estate Hannahs Rest
st_john,Rendezvous & Ditleff,99,308202030700,Parcel 308202030700 · Estate Rendezvous & Ditleff
st_john,Bellevue,95,306103011000,Parcel 306103011000 · Estate Bellevue
st_croix,Bellevue,90,202615023200,Parcel 202615023200 · Estate Bellevue
st_john,Emmaus,90,304102010700,Parcel 304102010700 · Estate Emmaus
st_croix,Sion Farm,89,204709014600,Parcel 204709014600 · Estate Sion Farm
st_croix,Contentment,88,204900010700,Parcel 204900010700 · Estate Contentment
st_john,Gifft & Regenback,86,308201010400,Parcel 308201010400 · Estate Gifft & Regenback
st_croix,Body Slob,85,204500010100,Parcel 204500010100 · Estate Body Slob
st_croix,Sight,82,205200010200,Parcel 205200010200 · Estate Sight
st_croix,Prosperity,74,405800020200,Parcel 405800020200 · Estate Prosperity
st_croix,Hope,73,406100010100,Parcel 406100010100 · Estate Hope
st_john,St. Quacco & Zimmerman,72,306504010200,Parcel 306504010200 · Estate St. Quacco & Zimmerman
st_john,Fortsberg,70,304203030500,Parcel 304203030500 · Estate Fortsberg
st_croix,River,68,402100040200,Parcel 402100040200 · Estate River
st_croix,Little La Grange,67,403900040100,Parcel 403900040100 · Estate Little La Grange
st_john,Concordia B,67,308601010200,Parcel 308601010200 · Estate Concordia B
st_john,Ben Runnell'S Gut,66,306404030700,Parcel 306404030700 · Estate Ben Runnell'S Gut
st_croix,South Slob,65,205500020200,Parcel 205500020200 · Estate South Slob
st_croix,Annaly,65,4019000040600,Parcel 4019000040600 · Estate Annaly
st_john,Eden,64,304203011000,Parcel 304203011000 · Estate Eden
st_croix,GRANGE (North),61,204816010200,Parcel 204816010200 · Estate GRANGE (North)
st_croix,Cottage,59,205400031000,Parcel 205400031000 · Estate Cottage
st_john,Concordia A,59,308601023300,Parcel 308601023300 · Estate Concordia A
st_croix,Glynn,57,202410031000,Parcel 202410031000 · Estate Glynn
st_croix,Prospect Hill West,56,401700010300,Parcel 401700010300 · Estate Prospect Hill West
st_thomas,Kronprinsens Quarter,54,105302060900,Parcel 105302060900 · Estate Kronprinsens Quarter
st_croix,Montpellier (I),53,404100010600,Parcel 404100010600 · Estate Montpellier (I)
st_croix,Turner Hole,52,205500010100,Parcel 205500010100 · Estate Turner Hole
st_croix,Fountain,51,402000020100,Parcel 402000020100 · Estate Fountain
st_croix,Rattan & Belvedere,47,202511012000,Parcel 202511012000 · Estate Rattan & Belvedere
st_john,Bordeaux,47,306402040500,Parcel 306402040500 · Estate Bordeaux
st_croix,Cotton Grove,46,205214010400,Parcel 205214010400 · Estate Cotton Grove
st_croix,Canaan,44,202300000300,Parcel 202300000300 · Estate Canaan
st_croix,Mars Hill & Stony Ground,44,407600030100,Parcel 407600030100 · Estate Mars Hill & Stony Ground
st_croix,Mount Victory,43,401800020300,Parcel 401800020300 · Estate Mount Victory
st_croix,Brooks Hill,43,406000010600,Parcel 406000010600 · Estate Brooks Hill
st_john,Hammer Farm / Cathrineberg,43,303901020500,Parcel 303901020500 · Estate Hammer Farm / Cathrineberg
st_croix,Catherine'S Hope,42,2034000500A7,Parcel 2034000500A7 · Estate Catherine'S Hope
st_croix,WHIM (West),42,409100021000,Parcel 409100021000 · Estate WHIM (West)
st_john,Peter Bay,42,303901010500,Parcel 303901010500 · Estate Peter Bay
st_croix,Marienhoj,41,205100020600,Parcel 205100020600 · Estate Marienhoj
st_croix,Hartman,41,205100020700,Parcel 205100020700 · Estate Hartman
st_croix,Prosperity East,41,402100010200,Parcel 402100010200 · Estate Prosperity East
st_croix,Enfield Green,41,409408030200,Parcel 409408030200 · Estate Enfield Green
st_john,Lovango Cay,41,303601010100,Parcel 303601010100 · Estate Lovango Cay
st_croix,Altona,40,202900031000,Parcel 202900031000 · Estate Altona
st_croix,Tipperary,40,205200024000,Parcel 205200024000 · Estate Tipperary
st_thomas,Frydenhoj,40,107602010300,Parcel 107602010300 · Estate Frydenhoj
st_john,Susannaberg,39,306101010800,Parcel 306101010800 · Estate Susannaberg
st_thomas,Nazareth,39,107701031500,Parcel 107701031500 · Estate Nazareth
st_thomas,Anna'S Retreat,37,103103050000,Parcel 103103050000 · Estate Anna'S Retreat
st_croix,Northside,36,401700020100,Parcel 401700020100 · Estate Northside
st_croix,Jolly Hill,36,404000011300,Parcel 404000011300 · Estate Jolly Hill
st_croix,Hard Labor,36,404100020200,Parcel 404100020200 · Estate Hard Labor
st_croix,CONCORDIA (South),35,409200030400,Parcel 409200030400 · Estate CONCORDIA (South)
st_john,Lameshur Complex,35,306404030100,Parcel 306404030100 · Estate Lameshur Complex
st_croix,Cane Valley,34,406000041100,Parcel 406000041100 · Estate Cane Valley
st_croix,Caldwell (Karaval),32,2066000200C3,Parcel 2066000200C3 · Estate Caldwell (Karaval)
st_croix,Hogensberg,32,406100030500,Parcel 406100030500 · Estate Hogensberg
st_croix,Hermitage,31,202300031000,Parcel 202300031000 · Estate Hermitage
st_croix,Concordia,30,2012000028100,Parcel 2012000028100 · Estate Concordia
st_croix,ORANGE GROVE (West),29,404000002300,Parcel 404000002300 · Estate ORANGE GROVE (West)
st_john,Dennis Bay/ Hawknest,29,303801020600,Parcel 303801020600 · Estate Dennis Bay/ Hawknest
st_john,Hard Labor,29,308602011100,Parcel 308602011100 · Estate Hard Labor
st_thomas,Bovoni,29,10603036000,Parcel 10603036000 · Estate Bovoni
st_john,San Soucci & Guinea Gut,28,306103060200,Parcel 306103060200 · Estate San Soucci & Guinea Gut
st_john,Johns Folly,28,308604010500,Parcel 308604010500 · Estate Johns Folly
st_thomas,Contant 7a,28,102703034100,Parcel 102703034100 · Estate Contant 7a
st_croix,Seven Hills,27,203100041400,Parcel 203100041400 · Estate Seven Hills
st_john,Friise,27,308602040400,Parcel 308602040400 · Estate Friise
st_croix,Southgate Farm,26,203000021100,Parcel 203000021100 · Estate Southgate Farm
st_croix,Lowry Hill,26,205100011100,Parcel 205100011100 · Estate Lowry Hill
st_croix,Paradise,25,407912030200,Parcel 407912030200 · Estate Paradise
st_john,Haulover,25,304303010100,Parcel 304303010100 · Estate Haulover
st_croix,Spratt Hall,24,401800030600,Parcel 401800030600 · Estate Spratt Hall
st_john,Great Cinnamon Bay,24,303901010200,Parcel 303901010200 · Estate Great Cinnamon Bay
st_croix,South Grapetree Bay,23,203500000900,Parcel 203500000900 · Estate South Grapetree Bay
st_croix,Vicorp Land (Bethlehem & Fred),23,206400020100,Parcel 206400020100 · Estate Vicorp Land (Bethlehem & Fred)
st_croix,Bonne Esperance (South),22,202513011300,Parcel 202513011300 · Estate Bonne Esperance (South)
st_thomas,Kings' Quarter,22,105401029020,Parcel 105401029020 · Estate Kings' Quarter
st_thomas,Water Island,22,107104020700,Parcel 107104020700 · Estate Water Island
st_croix,Wood Cottage,21,2-05400-0414-00,Parcel 2-05400-0414-00 · Estate Wood Cottage
st_croix,Mary'S Fancy,20,201515050300,Parcel 201515050300 · Estate Mary'S Fancy
st_croix,Montpellier,20,202503011700,Parcel 202503011700 · Estate Montpellier
st_john,Glucksberg,20,306103070200,Parcel 306103070200 · Estate Glucksberg
st_thomas,Altona & Welgunst,20,105301012100,Parcel 105301012100 · Estate Altona & Welgunst
st_john,LITTLE PLANTATION (Lohman),19,306501010400,Parcel 306501010400 · Estate LITTLE PLANTATION (Lohman)
st_croix,Carina,18,205000040500,Parcel 205000040500 · Estate Carina
st_croix,Mint,18,406100041200,Parcel 406100041200 · Estate Mint
st_john,Annaberg,18,301801010100,Parcel 301801010100 · Estate Annaberg
st_croix,St. John'S,17,201400036100,Parcel 201400036100 · Estate St. John'S
st_croix,Sion Hill,17,204608020200,Parcel 204608020200 · Estate Sion Hill
st_croix,GRANGE (South),17,206900003000,Parcel 206900003000 · Estate GRANGE (South)
st_croix,Longford,17,207000010300,Parcel 207000010300 · Estate Longford
st_croix,Clairmont,16,200100040900,Parcel 200100040900 · Estate Clairmont
st_croix,Judiths Fancy,16,201300000800,Parcel 201300000800 · Estate Judiths Fancy
st_croix,Annaberg & Shannon Grove,16,206500030700,Parcel 206500030700 · Estate Annaberg & Shannon Grove
st_thomas,Fortuna,16,102304053000,Parcel 102304053000 · Estate Fortuna
st_croix,Lbj Gardens,15,202700041400,Parcel 202700041400 · Estate Lbj Gardens
st_croix,William,15,403800040100,Parcel 403800040100 · Estate William
st_croix,Beck'S Grove,15,404000043300,Parcel 404000043300 · Estate Beck'S Grove
st_john,Zootenval,15,304201010200,Parcel 304201010200 · Estate Zootenval
st_thomas,Smith Bay,15,105702030100,Parcel 105702030100 · Estate Smith Bay
st_croix,Petronella,14,205100040200,Parcel 205100040200 · Estate Petronella
st_croix,Springfield,14,404100040100,Parcel 404100040100 · Estate Springfield
st_john,Browns Bay,14,304102010400,Parcel 304102010400 · Estate Browns Bay
st_thomas,Caret Bay,14,101003042100,Parcel 101003042100 · Estate Caret Bay
st_thomas,Bolongo,13,107402028400,Parcel 107402028400 · Estate Bolongo
st_thomas,Lovenlund,12,101403011300,Parcel 101403011300 · Estate Lovenlund
st_croix,Friedensthal,11,204902120800,Parcel 204902120800 · Estate Friedensthal
st_croix,North Star,11,400900040100,Parcel 400900040100 · Estate North Star
st_thomas,Lindbergh Bay,11,102604020900,Parcel 102604020900 · Estate Lindbergh Bay
st_thomas,Nisky,11,105204052200,Parcel 105204052200 · Estate Nisky
st_thomas,Thomas,11,105402120300,Parcel 105402120300 · Estate Thomas
st_croix,North Slob,10,203400000200,Parcel 203400000200 · Estate North Slob
st_croix,Jacks Bay,10,203500001100,Parcel 203500001100 · Estate Jacks Bay
st_croix,Blessing,10,206500040200,Parcel 206500040200 · Estate Blessing
st_croix,Cassava Garden,10,206700030300,Parcel 206700030300 · Estate Cassava Garden
st_croix,Castle Nugent,10,207000040200,Parcel 207000040200 · Estate Castle Nugent
st_croix,Butler'S Bay,10,401800030100,Parcel 401800030100 · Estate Butler'S Bay
st_croix,St. Georges Hill,10,406000040100,Parcel 406000040100 · Estate St. Georges Hill
st_croix,Teague Bay,9,203400004800,Parcel 203400004800 · Estate Teague Bay
st_thomas,Hull,9,101102010100,Parcel 101102010100 · Estate Hull
st_thomas,Dorothea,9,101103024700,Parcel 101103024700 · Estate Dorothea
st_croix,Constitution Hill,8,204700043300,Parcel 204700043300 · Estate Constitution Hill
st_croix,Beeston Hill,8,204800026200,Parcel 204800026200 · Estate Beeston Hill
st_croix,ORANGE GROVE (East),8,204808010700,Parcel 204808010700 · Estate ORANGE GROVE (East)
st_croix,Fareham,8,207100020100,Parcel 207100020100 · Estate Fareham
st_croix,Hams Bay,8,400700030100,Parcel 400700030100 · Estate Hams Bay
st_croix,Washington Hill,8,401800030200,Parcel 401800030200 · Estate Washington Hill
st_croix,Waldberggaard,8,406100030400,Parcel 406100030400 · Estate Waldberggaard
st_croix,Mountain,8,406100041400,Parcel 406100041400 · Estate Mountain
st_john,Hermitage,8,304201010800,Parcel 304201010800 · Estate Hermitage
st_john,Molledahl & Little Reef Bay,8,306204010100,Parcel 306204010100 · Estate Molledahl & Little Reef Bay
st_thomas,Hospital Ground,8,102903017500,Parcel 102903017500 · Estate Hospital Ground
st_thomas,Honduras,8,10530271500,Parcel 10530271500 · Estate Honduras
st_croix,Little Princesse,7,202700015800,Parcel 202700015800 · Estate Little Princesse
st_croix,North Grapetree Bay,7,203500000800,Parcel 203500000800 · Estate North Grapetree Bay
st_croix,STONEY GROUND (West),7,409100010100,Parcel 409100010100 · Estate STONEY GROUND (West)
st_thomas,Agnes Fancy,7,102804021300,Parcel 102804021300 · Estate Agnes Fancy
st_thomas,Langmath,7,1057030066500,Parcel 1057030066500 · Estate Langmath
st_croix,Montpellier (Ii),6,404200030100,Parcel 404200030100 · Estate Montpellier (Ii)
st_thomas,Peterborg,6,101202011200,Parcel 101202011200 · Estate Peterborg
st_thomas,Bordeaux,6,102403020500,Parcel 102403020500 · Estate Bordeaux
st_thomas,Lerkenlund,6,102801022500,Parcel 102801022500 · Estate Lerkenlund
st_thomas,St. PETER,6,102801053800,Parcel 102801053800 · Estate St. PETER
st_thomas,Solberg,6,102803061600,Parcel 102803061600 · Estate Solberg
st_thomas,Mariendal,6,107601013200,Parcel 107601013200 · Estate Mariendal
st_croix,Bonne Esperance (North),5,201116040100,Parcel 201116040100 · Estate Bonne Esperance (North)
st_croix,Richmond,5,2049020121500,Parcel 2049020121500 · Estate Richmond
st_croix,Madam Carty,5,205400040200,Parcel 205400040200 · Estate Madam Carty
st_croix,Manning'S Bay,5,208100020300,Parcel 208100020300 · Estate Manning'S Bay
st_croix,Anguilla,5,208100040200,Parcel 208100040200 · Estate Anguilla
st_croix,Wheel Of Fortune,5,407600010700,Parcel 407600010700 · Estate Wheel Of Fortune
st_john,Grunwald,5,306103070100,Parcel 306103070100 · Estate Grunwald
st_john,Freeman'S Ground,5,306503041700,Parcel 306503041700 · Estate Freeman'S Ground
st_thomas,St. Joseph & Rosendahl,5,102904015100,Parcel 102904015100 · Estate St. Joseph & Rosendahl
st_thomas,Mandahl,5,103101011000,Parcel 103101011000 · Estate Mandahl
st_thomas,Coki Point,5,1033003010900,Parcel 1033003010900 · Estate Coki Point
st_thomas,Careening Hole,5,105303252800,Parcel 105303252800 · Estate Careening Hole
st_thomas,Ross,5,105402102200,Parcel 105402102200 · Estate Ross
st_thomas,Charlotte Amalie,5,107601012100,Parcel 107601012100 · Estate Charlotte Amalie
st_croix,Ruby,4,204600001800,Parcel 204600001800 · Estate Ruby
st_croix,Bodkin,4,402000040100,Parcel 402000040100 · Estate Bodkin
st_croix,Allendale (Bog Of Allen),4,404100030300,Parcel 404100030300 · Estate Allendale (Bog Of Allen)
st_john,Saunder'S Gut,4,306503060200,Parcel 306503060200 · Estate Saunder'S Gut
st_thomas,Bonne Resolution,4,101104013700,Parcel 101104013700 · Estate Bonne Resolution
st_thomas,Bakkero,4,107302012900,Parcel 107302012900 · Estate Bakkero
st_croix,Betsy'S Jewel,3,202300000700,Parcel 202300000700 · Estate Betsy'S Jewel
st_croix,Richmond (Aldersville),3,204905022900,Parcel 204905022900 · Estate Richmond (Aldersville)
st_croix,Sallys Fancy,3,205200032800,Parcel 205200032800 · Estate Sallys Fancy
st_croix,Corn Hill,3,206900030200,Parcel 206900030200 · Estate Corn Hill
st_croix,Barren Spot (East),3,208400010300,Parcel 208400010300 · Estate Barren Spot (East)
st_croix,PUBLIC PORT SITE (Filled Lands),3,209901010300,Parcel 209901010300 · Estate PUBLIC PORT SITE (Filled Lands)
st_croix,Mount Stewart,3,402000010100,Parcel 402000010100 · Estate Mount Stewart
st_croix,STONEY GROUND (East),3,409201040100,Parcel 409201040100 · Estate STONEY GROUND (East)
st_john,Leinster Bay,3,301901010100,Parcel 301901010100 · Estate Leinster Bay
st_john,Trunk Bay,3,303802020100,Parcel 303802020100 · Estate Trunk Bay
st_thomas,Inner Brass Island,3,101002011700,Parcel 101002011700 · Estate Inner Brass Island
st_thomas,Bonne Esperance,3,102502020400,Parcel 102502020400 · Estate Bonne Esperance
st_thomas,Raphune,3,105503050700,Parcel 105503050700 · Estate Raphune
st_thomas,Frenchman'S Bay,3,107402020800,Parcel 107402020800 · Estate Frenchman'S Bay
st_thomas,Eastern Water Island / Sprat Bay,3,458685,Parcel 458685 · Estate Eastern Water Island / Sprat Bay
st_croix,Recovery Hill,2,205000032700,Parcel 205000032700 · Estate Recovery Hill
st_croix,Little Profit,2,205400030100,Parcel 205400030100 · Estate Little Profit
st_croix,Mount Retreat,2,205413031500,Parcel 205413031500 · Estate Mount Retreat
st_croix,Kingshill,2,206400020600,Parcel 206400020600 · Estate Kingshill
st_croix,Spanish Town,2,206500031200,Parcel 206500031200 · Estate Spanish Town
st_croix,Spring Gut,2,207000013100,Parcel 207000013100 · Estate Spring Gut
st_croix,Caledonia,2,401800020100,Parcel 401800020100 · Estate Caledonia
st_croix,Burns Hill,2,401800020200,Parcel 401800020200 · Estate Burns Hill
st_john,unknown,2,303801010100,Parcel 303801010100
st_thomas,Botany Bay,2,102301010200,Parcel 102301010200 · Estate Botany Bay
st_thomas,Hope,2,102402013100,Parcel 102402013100 · Estate Hope
st_thomas,Santa Maria,2,102502033400,Parcel 102502033400 · Estate Santa Maria
st_thomas,Lilliendal & Marienhoj,2,102704032900,Parcel 102704032900 · Estate Lilliendal & Marienhoj
st_thomas,Misgunst,2,102901010600,Parcel 102901010600 · Estate Misgunst
st_thomas,Lower John Dunko,2,105202060300,Parcel 105202060300 · Estate Lower John Dunko
st_thomas,Contant 7b,2,105204030200,Parcel 105204030200 · Estate Contant 7b
st_thomas,Catherineberg,2,105302092400,Parcel 105302092400 · Estate Catherineberg
st_thomas,Queens' Quarter,2,105302391300,Parcel 105302391300 · Estate Queens' Quarter
st_croix,Protestant Cay,1,202800040100,Parcel 202800040100 · Estate Protestant Cay
st_croix,Altona (Fort Louise Augusta),1,202900030200,Parcel 202900030200 · Estate Altona (Fort Louise Augusta)
st_croix,Lebanon Hill,1,20300041300,Parcel 20300041300 · Estate Lebanon Hill
st_croix,La Presvallee,1,207100010100,Parcel 207100010100 · Estate La Presvallee
st_croix,Mount Fancy,1,207300020300,Parcel 207300020300 · Estate Mount Fancy
st_croix,Jerusalem & Figtree Hill,1,208300020500,Parcel 208300020500 · Estate Jerusalem & Figtree Hill
st_croix,Hams Bluff,1,400700040200,Parcel 400700040200 · Estate Hams Bluff
st_croix,Nicholas,1,401800020400,Parcel 401800020400 · Estate Nicholas
st_croix,Spring Garden,1,401900010100,Parcel 401900010100 · Estate Spring Garden
st_croix,Sweet Bottom,1,402000020300,Parcel 402000020300 · Estate Sweet Bottom
st_croix,Parasol,1,402100040100,Parcel 402100040100 · Estate Parasol
st_croix,SOLITUDE (North),1,402200010100,Parcel 402200010100 · Estate SOLITUDE (North)
st_croix,Punch,1,403900020100,Parcel 403900020100 · Estate Punch
st_croix,Oxford,1,404000013300,Parcel 404000013300 · Estate Oxford
st_croix,CANE (South),1,409308011800,Parcel 409308011800 · Estate CANE (South)
st_croix,Williams Delight,1,409412040400,Parcel 409412040400 · Estate Williams Delight
st_croix,Coopers,1,409500021800,Parcel 409500021800 · Estate Coopers
st_croix,Little Fountain,1,458133,Parcel 458133 · Estate Little Fountain
st_john,Whistling Cay,1,301701010100,Parcel 301701010100 · Estate Whistling Cay
st_john,Mingo Cay,1,303501020100,Parcel 303501020100 · Estate Mingo Cay
st_john,Rata Cay,1,303703010100,Parcel 303703010100 · Estate Rata Cay
st_john,Ram Goat Cay,1,303704010100,Parcel 303704010100 · Estate Ram Goat Cay
st_john,Cinnamon Cay,1,303902010100,Parcel 303902010100 · Estate Cinnamon Cay
st_john,Usher'S Quay,1,304203030400,Parcel 304203030400 · Estate Usher'S Quay
st_john,Mt Pleasant & Retreat,1,304301010100,Parcel 304301010100 · Estate Mt Pleasant & Retreat
st_john,Pastory,1,306103060100,Parcel 306103060100 · Estate Pastory
st_john,Rustenberg & Adventure,1,306202020100,Parcel 306202020100 · Estate Rustenberg & Adventure
st_john,L'Esperance,1,306203010500,Parcel 306203010500 · Estate L'Esperance
st_john,Turner Point,1,306601010100,Parcel 306601010100 · Estate Turner Point
st_john,Steven Cay,1,308002010100,Parcel 308002010100 · Estate Steven Cay
st_john,Reef Bay,1,308402020100,Parcel 308402020100 · Estate Reef Bay
st_john,Buck Island,1,308704010100,Parcel 308704010100 · Estate Buck Island
st_john,Flannigan Island,1,308902010100,Parcel 308902010100 · Estate Flannigan Island
st_thomas,Sorgenfri Eastern Portion,1,100904011500,Parcel 100904011500 · Estate Sorgenfri Eastern Portion
st_thomas,Crown & Hawk,1,102603023300,Parcel 102603023300 · Estate Crown & Hawk
st_thomas,Mafolie,1,102903011800,Parcel 102903011800 · Estate Mafolie
st_thomas,Elizabeth,1,102903023100,Parcel 102903023100 · Estate Elizabeth
st_thomas,Hassel Island / Orkanshullet,1,105304070300,Parcel 105304070300 · Estate Hassel Island / Orkanshullet
st_thomas,Lytton'S Fancy,1,105401030130,Parcel 105401030130 · Estate Lytton'S Fancy
st_thomas,Donoe,1,105502041800,Parcel 105502041800 · Estate Donoe
st_thomas,Frydendal,1,105702021200,Parcel 105702021200 · Estate Frydendal
st_thomas,Adelphi,1,1102603023100,Parcel 1102603023100 · Estate Adelphi
st_thomas,Little Flat Cay,1,306904010100,Parcel 306904010100 · Estate Little Flat Cay
st_thomas,Turtle Dove Cay,1,309001010100,Parcel 309001010100 · Estate Turtle Dove Cay
st_thomas,Saba Island,1,309004010100,Parcel 309004010100 · Estate Saba Island
st_thomas,Wintberg,1,447279,Parcel 447279 · Estate Wintberg