path,repoPath,folder,file,ext,sizeBytes,sizeKB
/images/usvi-logo.jpeg,public/images/usvi-logo.jpeg,images,usvi-logo.jpeg,.jpeg,47906,46.8
/images/accommodations/_pending/hero.svg,public/images/accommodations/_pending/hero.svg,images/accommodations/_pending,hero.svg,.svg,681,0.7
/images/beaches/st-croix/buccaneer-beach.jpg,public/images/beaches/st-croix/buccaneer-beach.jpg,images/beaches/st-croix,buccaneer-beach.jpg,.jpg,13229,12.9
/images/beaches/st-croix/buck-island-1.jpg,public/images/beaches/st-croix/buck-island-1.jpg,images/beaches/st-croix,buck-island-1.jpg,.jpg,2573483,2513.2
/images/beaches/st-croix/buck-island-2.jpg,public/images/beaches/st-croix/buck-island-2.jpg,images/beaches/st-croix,buck-island-2.jpg,.jpg,216527,211.5
/images/beaches/st-croix/buck-island-3.jpg,public/images/beaches/st-croix/buck-island-3.jpg,images/beaches/st-croix,buck-island-3.jpg,.jpg,60583,59.2
/images/beaches/st-croix/cane-bay-1.jpg,public/images/beaches/st-croix/cane-bay-1.jpg,images/beaches/st-croix,cane-bay-1.jpg,.jpg,206474,201.6
/images/beaches/st-croix/cane-bay-2.jpg,public/images/beaches/st-croix/cane-bay-2.jpg,images/beaches/st-croix,cane-bay-2.jpg,.jpg,55817,54.5
/images/beaches/st-croix/chenay-bay.jpg,public/images/beaches/st-croix/chenay-bay.jpg,images/beaches/st-croix,chenay-bay.jpg,.jpg,59704,58.3
/images/beaches/st-croix/dorsch-beach.jpg,public/images/beaches/st-croix/dorsch-beach.jpg,images/beaches/st-croix,dorsch-beach.jpg,.jpg,104957,102.5
/images/beaches/st-croix/grapetree-bay.jpg,public/images/beaches/st-croix/grapetree-bay.jpg,images/beaches/st-croix,grapetree-bay.jpg,.jpg,275678,269.2
/images/beaches/st-croix/haypenny-beach.jpg,public/images/beaches/st-croix/haypenny-beach.jpg,images/beaches/st-croix,haypenny-beach.jpg,.jpg,275678,269.2
/images/beaches/st-croix/isaac-bay.jpg,public/images/beaches/st-croix/isaac-bay.jpg,images/beaches/st-croix,isaac-bay.jpg,.jpg,475080,463.9
/images/beaches/st-croix/jack-bay.jpg,public/images/beaches/st-croix/jack-bay.jpg,images/beaches/st-croix,jack-bay.jpg,.jpg,51382,50.2
/images/beaches/st-croix/protestant-cay.jpg,public/images/beaches/st-croix/protestant-cay.jpg,images/beaches/st-croix,protestant-cay.jpg,.jpg,118464,115.7
/images/beaches/st-croix/rainbow-beach-1.jpg,public/images/beaches/st-croix/rainbow-beach-1.jpg,images/beaches/st-croix,rainbow-beach-1.jpg,.jpg,285317,278.6
/images/beaches/st-croix/rainbow-beach-2.jpg,public/images/beaches/st-croix/rainbow-beach-2.jpg,images/beaches/st-croix,rainbow-beach-2.jpg,.jpg,407513,398.0
/images/beaches/st-croix/sandy-point-1.jpg,public/images/beaches/st-croix/sandy-point-1.jpg,images/beaches/st-croix,sandy-point-1.jpg,.jpg,118735,116.0
/images/beaches/st-croix/sandy-point-2.jpg,public/images/beaches/st-croix/sandy-point-2.jpg,images/beaches/st-croix,sandy-point-2.jpg,.jpg,24412,23.8
/images/beaches/st-croix/shoys-beach.jpg,public/images/beaches/st-croix/shoys-beach.jpg,images/beaches/st-croix,shoys-beach.jpg,.jpg,87487,85.4
/images/beaches/st-croix/tamarind-reef.jpg,public/images/beaches/st-croix/tamarind-reef.jpg,images/beaches/st-croix,tamarind-reef.jpg,.jpg,575146,561.7
/images/beaches/st-john/cinnamon-bay-1.jpeg,public/images/beaches/st-john/cinnamon-bay-1.jpeg,images/beaches/st-john,cinnamon-bay-1.jpeg,.jpeg,2264550,2211.5
/images/beaches/st-john/cinnamon-bay-2.jpg,public/images/beaches/st-john/cinnamon-bay-2.jpg,images/beaches/st-john,cinnamon-bay-2.jpg,.jpg,184604,180.3
/images/beaches/st-john/drunk-bay.jpg,public/images/beaches/st-john/drunk-bay.jpg,images/beaches/st-john,drunk-bay.jpg,.jpg,115436,112.7
/images/beaches/st-john/francis-bay.jpg,public/images/beaches/st-john/francis-bay.jpg,images/beaches/st-john,francis-bay.jpg,.jpg,307227,300.0
/images/beaches/st-john/gibney-beach.jpg,public/images/beaches/st-john/gibney-beach.jpg,images/beaches/st-john,gibney-beach.jpg,.jpg,109413,106.8
/images/beaches/st-john/great-cruz-bay.jpg,public/images/beaches/st-john/great-cruz-bay.jpg,images/beaches/st-john,great-cruz-bay.jpg,.jpg,404199,394.7
/images/beaches/st-john/hansen-bay.jpg,public/images/beaches/st-john/hansen-bay.jpg,images/beaches/st-john,hansen-bay.jpg,.jpg,145216,141.8
/images/beaches/st-john/hawksnest-bay-1.jpg,public/images/beaches/st-john/hawksnest-bay-1.jpg,images/beaches/st-john,hawksnest-bay-1.jpg,.jpg,125476,122.5
/images/beaches/st-john/hawksnest-bay-2.jpg,public/images/beaches/st-john/hawksnest-bay-2.jpg,images/beaches/st-john,hawksnest-bay-2.jpg,.jpg,279288,272.7
/images/beaches/st-john/honeymoon-beach-st-john-1.jpg,public/images/beaches/st-john/honeymoon-beach-st-john-1.jpg,images/beaches/st-john,honeymoon-beach-st-john-1.jpg,.jpg,311678,304.4
/images/beaches/st-john/honeymoon-beach-st-john-2.jpg,public/images/beaches/st-john/honeymoon-beach-st-john-2.jpg,images/beaches/st-john,honeymoon-beach-st-john-2.jpg,.jpg,128655,125.6
/images/beaches/st-john/honeymoon-beach-st-john-3.jpg,public/images/beaches/st-john/honeymoon-beach-st-john-3.jpg,images/beaches/st-john,honeymoon-beach-st-john-3.jpg,.jpg,250317,244.5
/images/beaches/st-john/lameshur-bay.jpg,public/images/beaches/st-john/lameshur-bay.jpg,images/beaches/st-john,lameshur-bay.jpg,.jpg,439936,429.6
/images/beaches/st-john/leinster-bay.jpg,public/images/beaches/st-john/leinster-bay.jpg,images/beaches/st-john,leinster-bay.jpg,.jpg,92335,90.2
/images/beaches/st-john/little-lameshur-bay.jpg,public/images/beaches/st-john/little-lameshur-bay.jpg,images/beaches/st-john,little-lameshur-bay.jpg,.jpg,335734,327.9
/images/beaches/st-john/maho-bay-1.jpeg,public/images/beaches/st-john/maho-bay-1.jpeg,images/beaches/st-john,maho-bay-1.jpeg,.jpeg,2264550,2211.5
/images/beaches/st-john/maho-bay-2.jpg,public/images/beaches/st-john/maho-bay-2.jpg,images/beaches/st-john,maho-bay-2.jpg,.jpg,184604,180.3
/images/beaches/st-john/salomon-beach.jpg,public/images/beaches/st-john/salomon-beach.jpg,images/beaches/st-john,salomon-beach.jpg,.jpg,20810,20.3
/images/beaches/st-john/salt-pond-bay.jpg,public/images/beaches/st-john/salt-pond-bay.jpg,images/beaches/st-john,salt-pond-bay.jpg,.jpg,253629,247.7
/images/beaches/st-john/trunk-bay-1.jpg,public/images/beaches/st-john/trunk-bay-1.jpg,images/beaches/st-john,trunk-bay-1.jpg,.jpg,280878,274.3
/images/beaches/st-john/trunk-bay-2.jpg,public/images/beaches/st-john/trunk-bay-2.jpg,images/beaches/st-john,trunk-bay-2.jpg,.jpg,231074,225.7
/images/beaches/st-john/trunk-bay-3.jpg,public/images/beaches/st-john/trunk-bay-3.jpg,images/beaches/st-john,trunk-bay-3.jpg,.jpg,295009,288.1
/images/beaches/st-john/waterlemon-cay.jpg,public/images/beaches/st-john/waterlemon-cay.jpg,images/beaches/st-john,waterlemon-cay.jpg,.jpg,42344,41.4
/images/beaches/st-thomas/bolongo-bay-1.jpg,public/images/beaches/st-thomas/bolongo-bay-1.jpg,images/beaches/st-thomas,bolongo-bay-1.jpg,.jpg,78455,76.6
/images/beaches/st-thomas/bolongo-bay-2.jpg,public/images/beaches/st-thomas/bolongo-bay-2.jpg,images/beaches/st-thomas,bolongo-bay-2.jpg,.jpg,130953,127.9
/images/beaches/st-thomas/bolongo-bay-3.jpeg,public/images/beaches/st-thomas/bolongo-bay-3.jpeg,images/beaches/st-thomas,bolongo-bay-3.jpeg,.jpeg,72942,71.2
/images/beaches/st-thomas/brewers-bay-1.jpg,public/images/beaches/st-thomas/brewers-bay-1.jpg,images/beaches/st-thomas,brewers-bay-1.jpg,.jpg,68946,67.3
/images/beaches/st-thomas/brewers-bay-2.jpg,public/images/beaches/st-thomas/brewers-bay-2.jpg,images/beaches/st-thomas,brewers-bay-2.jpg,.jpg,1006960,983.4
/images/beaches/st-thomas/brewers-bay-3.jpg,public/images/beaches/st-thomas/brewers-bay-3.jpg,images/beaches/st-thomas,brewers-bay-3.jpg,.jpg,82555,80.6
/images/beaches/st-thomas/coki-point-beach-1.jpg,public/images/beaches/st-thomas/coki-point-beach-1.jpg,images/beaches/st-thomas,coki-point-beach-1.jpg,.jpg,136832,133.6
/images/beaches/st-thomas/coki-point-beach-2.jpg,public/images/beaches/st-thomas/coki-point-beach-2.jpg,images/beaches/st-thomas,coki-point-beach-2.jpg,.jpg,17319,16.9
/images/beaches/st-thomas/coral-world-marine-park.jpg,public/images/beaches/st-thomas/coral-world-marine-park.jpg,images/beaches/st-thomas,coral-world-marine-park.jpg,.jpg,88213,86.1
/images/beaches/st-thomas/dorothea-beach-1.jpg,public/images/beaches/st-thomas/dorothea-beach-1.jpg,images/beaches/st-thomas,dorothea-beach-1.jpg,.jpg,718037,701.2
/images/beaches/st-thomas/dorothea-beach-2.jpg,public/images/beaches/st-thomas/dorothea-beach-2.jpg,images/beaches/st-thomas,dorothea-beach-2.jpg,.jpg,99203,96.9
/images/beaches/st-thomas/dorothea-beach-3.jpg,public/images/beaches/st-thomas/dorothea-beach-3.jpg,images/beaches/st-thomas,dorothea-beach-3.jpg,.jpg,142989,139.6
/images/beaches/st-thomas/hull-bay-1.jpg,public/images/beaches/st-thomas/hull-bay-1.jpg,images/beaches/st-thomas,hull-bay-1.jpg,.jpg,221172,216.0
/images/beaches/st-thomas/hull-bay-2.jpg,public/images/beaches/st-thomas/hull-bay-2.jpg,images/beaches/st-thomas,hull-bay-2.jpg,.jpg,55866,54.6
/images/beaches/st-thomas/hull-bay-3.jpg,public/images/beaches/st-thomas/hull-bay-3.jpg,images/beaches/st-thomas,hull-bay-3.jpg,.jpg,258679,252.6
/images/beaches/st-thomas/limetree-beach-1.jpg,public/images/beaches/st-thomas/limetree-beach-1.jpg,images/beaches/st-thomas,limetree-beach-1.jpg,.jpg,63194,61.7
/images/beaches/st-thomas/limetree-beach-2.jpg,public/images/beaches/st-thomas/limetree-beach-2.jpg,images/beaches/st-thomas,limetree-beach-2.jpg,.jpg,536213,523.6
/images/beaches/st-thomas/limetree-beach-3.jpg,public/images/beaches/st-thomas/limetree-beach-3.jpg,images/beaches/st-thomas,limetree-beach-3.jpg,.jpg,14528,14.2
/images/beaches/st-thomas/lindbergh-bay-1.jpg,public/images/beaches/st-thomas/lindbergh-bay-1.jpg,images/beaches/st-thomas,lindbergh-bay-1.jpg,.jpg,113887,111.2
/images/beaches/st-thomas/lindbergh-bay-2.jpg,public/images/beaches/st-thomas/lindbergh-bay-2.jpg,images/beaches/st-thomas,lindbergh-bay-2.jpg,.jpg,157366,153.7
/images/beaches/st-thomas/lindbergh-bay-3.jpg,public/images/beaches/st-thomas/lindbergh-bay-3.jpg,images/beaches/st-thomas,lindbergh-bay-3.jpg,.jpg,808206,789.3
/images/beaches/st-thomas/lindquist-beach-1.jpg,public/images/beaches/st-thomas/lindquist-beach-1.jpg,images/beaches/st-thomas,lindquist-beach-1.jpg,.jpg,74415,72.7
/images/beaches/st-thomas/lindquist-beach-2.jpg,public/images/beaches/st-thomas/lindquist-beach-2.jpg,images/beaches/st-thomas,lindquist-beach-2.jpg,.jpg,79483,77.6
/images/beaches/st-thomas/lindquist-beach-3.jpg,public/images/beaches/st-thomas/lindquist-beach-3.jpg,images/beaches/st-thomas,lindquist-beach-3.jpg,.jpg,44651,43.6
/images/beaches/st-thomas/magens-bay-1.jpg,public/images/beaches/st-thomas/magens-bay-1.jpg,images/beaches/st-thomas,magens-bay-1.jpg,.jpg,249934,244.1
/images/beaches/st-thomas/magens-bay-2.jpg,public/images/beaches/st-thomas/magens-bay-2.jpg,images/beaches/st-thomas,magens-bay-2.jpg,.jpg,108035,105.5
/images/beaches/st-thomas/magens-bay-3.jpg,public/images/beaches/st-thomas/magens-bay-3.jpg,images/beaches/st-thomas,magens-bay-3.jpg,.jpg,137758,134.5
/images/beaches/st-thomas/mandahl-bay-1.jpg,public/images/beaches/st-thomas/mandahl-bay-1.jpg,images/beaches/st-thomas,mandahl-bay-1.jpg,.jpg,725865,708.9
/images/beaches/st-thomas/mandahl-bay-2.jpg,public/images/beaches/st-thomas/mandahl-bay-2.jpg,images/beaches/st-thomas,mandahl-bay-2.jpg,.jpg,43645,42.6
/images/beaches/st-thomas/mandahl-bay-3.jpg,public/images/beaches/st-thomas/mandahl-bay-3.jpg,images/beaches/st-thomas,mandahl-bay-3.jpg,.jpg,1242761,1213.6
/images/beaches/st-thomas/morningstar-beach-1.jpg,public/images/beaches/st-thomas/morningstar-beach-1.jpg,images/beaches/st-thomas,morningstar-beach-1.jpg,.jpg,233763,228.3
/images/beaches/st-thomas/morningstar-beach-2.jpg,public/images/beaches/st-thomas/morningstar-beach-2.jpg,images/beaches/st-thomas,morningstar-beach-2.jpg,.jpg,45188,44.1
/images/beaches/st-thomas/morningstar-beach-3.jpg,public/images/beaches/st-thomas/morningstar-beach-3.jpg,images/beaches/st-thomas,morningstar-beach-3.jpg,.jpg,556791,543.7
/images/beaches/st-thomas/sapphire-beach-1.jpg,public/images/beaches/st-thomas/sapphire-beach-1.jpg,images/beaches/st-thomas,sapphire-beach-1.jpg,.jpg,823689,804.4
/images/beaches/st-thomas/secret-harbour-1.jpg,public/images/beaches/st-thomas/secret-harbour-1.jpg,images/beaches/st-thomas,secret-harbour-1.jpg,.jpg,387754,378.7
/images/beaches/st-thomas/secret-harbour-2.jpg,public/images/beaches/st-thomas/secret-harbour-2.jpg,images/beaches/st-thomas,secret-harbour-2.jpg,.jpg,232409,227.0
/images/beaches/st-thomas/secret-harbour-3.jpg,public/images/beaches/st-thomas/secret-harbour-3.jpg,images/beaches/st-thomas,secret-harbour-3.jpg,.jpg,231188,225.8
/images/beaches/st-thomas/vessup-bay-1.jpg,public/images/beaches/st-thomas/vessup-bay-1.jpg,images/beaches/st-thomas,vessup-bay-1.jpg,.jpg,468699,457.7
/images/beaches/st-thomas/vessup-bay-2.jpg,public/images/beaches/st-thomas/vessup-bay-2.jpg,images/beaches/st-thomas,vessup-bay-2.jpg,.jpg,293832,286.9
/images/beaches/st-thomas/vessup-bay-3.jpg,public/images/beaches/st-thomas/vessup-bay-3.jpg,images/beaches/st-thomas,vessup-bay-3.jpg,.jpg,264178,258.0
/images/beaches/water-island/honeymoon-beach-water-island-2.jpg,public/images/beaches/water-island/honeymoon-beach-water-island-2.jpg,images/beaches/water-island,honeymoon-beach-water-island-2.jpg,.jpg,184604,180.3
/images/beaches/water-island/honeymoon-beach-water-island.jpg,public/images/beaches/water-island/honeymoon-beach-water-island.jpg,images/beaches/water-island,honeymoon-beach-water-island.jpg,.jpg,139382,136.1
/images/beaches/water-island/sprat-bay.jpg,public/images/beaches/water-island/sprat-bay.jpg,images/beaches/water-island,sprat-bay.jpg,.jpg,60227,58.8
/images/events/carnival/adult-parade.jpg,public/images/events/carnival/adult-parade.jpg,images/events/carnival,adult-parade.jpg,.jpg,567679,554.4
/images/events/carnival/carnival-queen-show.jpg,public/images/events/carnival/carnival-queen-show.jpg,images/events/carnival,carnival-queen-show.jpg,.jpg,87500,85.4
/images/events/carnival/carnival-village.jpg,public/images/events/carnival/carnival-village.jpg,images/events/carnival,carnival-village.jpg,.jpg,546801,534.0
/images/events/carnival/childrens-parade.jpg,public/images/events/carnival/childrens-parade.jpg,images/events/carnival,childrens-parade.jpg,.jpg,80284,78.4
/images/events/carnival/festival-princess.jpg,public/images/events/carnival/festival-princess.jpg,images/events/carnival,festival-princess.jpg,.jpg,272472,266.1
/images/events/carnival/food-fair.jpg,public/images/events/carnival/food-fair.jpg,images/events/carnival,food-fair.jpg,.jpg,123671,120.8
/images/events/carnival/jouvert.jpg,public/images/events/carnival/jouvert.jpg,images/events/carnival,jouvert.jpg,.jpg,74524,72.8
/images/events/carnival/panorama.jpg,public/images/events/carnival/panorama.jpg,images/events/carnival,panorama.jpg,.jpg,30152,29.4
/images/events/carnival/parade-1.jpg,public/images/events/carnival/parade-1.jpg,images/events/carnival,parade-1.jpg,.jpg,567679,554.4
/images/events/carnival/prince-and-princess-show.jpg,public/images/events/carnival/prince-and-princess-show.jpg,images/events/carnival,prince-and-princess-show.jpg,.jpg,164760,160.9
/images/events/carnival/queen-show.jpg,public/images/events/carnival/queen-show.jpg,images/events/carnival,queen-show.jpg,.jpg,87500,85.4
/images/events/carnival/st-thomas-carnival.jpg,public/images/events/carnival/st-thomas-carnival.jpg,images/events/carnival,st-thomas-carnival.jpg,.jpg,605534,591.3
/images/events/culture/annnaberg-plantation.jpg,public/images/events/culture/annnaberg-plantation.jpg,images/events/culture,annnaberg-plantation.jpg,.jpg,25111,24.5
/images/events/culture/carnival-queen.jpg,public/images/events/culture/carnival-queen.jpg,images/events/culture,carnival-queen.jpg,.jpg,1043224,1018.8
/images/events/culture/christiansted-historic-district-walk.jpg,public/images/events/culture/christiansted-historic-district-walk.jpg,images/events/culture,christiansted-historic-district-walk.jpg,.jpg,127461,124.5
/images/events/culture/emancipation-garden-heritage-talk.jpg,public/images/events/culture/emancipation-garden-heritage-talk.jpg,images/events/culture,emancipation-garden-heritage-talk.jpg,.jpg,311915,304.6
/images/events/culture/emancipation-garden.jpg,public/images/events/culture/emancipation-garden.jpg,images/events/culture,emancipation-garden.jpg,.jpg,82416,80.5
/images/events/culture/fort-christian-history-walk.jpg,public/images/events/culture/fort-christian-history-walk.jpg,images/events/culture,fort-christian-history-walk.jpg,.jpg,400949,391.6
/images/events/culture/fort-christian.jpg,public/images/events/culture/fort-christian.jpg,images/events/culture,fort-christian.jpg,.jpg,1043224,1018.8
/images/events/culture/frederiksted-freedom-walk.jpg,public/images/events/culture/frederiksted-freedom-walk.jpg,images/events/culture,frederiksted-freedom-walk.jpg,.jpg,108996,106.4
/images/events/food/agrifest.jpg,public/images/events/food/agrifest.jpg,images/events/food,agrifest.jpg,.jpg,152214,148.6
/images/events/food/coquito-festival.jpg,public/images/events/food/coquito-festival.jpg,images/events/food,coquito-festival.jpg,.jpg,216642,211.6
/images/events/food/king-of-the-wing.jpg,public/images/events/food/king-of-the-wing.jpg,images/events/food,king-of-the-wing.jpg,.jpg,559626,546.5
/images/events/food/mango-melee.jpg,public/images/events/food/mango-melee.jpg,images/events/food,mango-melee.jpg,.jpg,204439,199.6
/images/events/food/taste-of-st-croix.jpg,public/images/events/food/taste-of-st-croix.jpg,images/events/food,taste-of-st-croix.jpg,.jpg,215553,210.5
/images/events/food/texas-chili-cookoff.jpg,public/images/events/food/texas-chili-cookoff.jpg,images/events/food,texas-chili-cookoff.jpg,.jpg,957722,935.3
/images/events/holiday/christmas-on-main-street.jpg,public/images/events/holiday/christmas-on-main-street.jpg,images/events/holiday,christmas-on-main-street.jpg,.jpg,56730,55.4
/images/events/holiday/lighted-boat-parade.jpg,public/images/events/holiday/lighted-boat-parade.jpg,images/events/holiday,lighted-boat-parade.jpg,.jpg,518689,506.5
/images/events/marine/charter-yacht-show.jpg,public/images/events/marine/charter-yacht-show.jpg,images/events/marine,charter-yacht-show.jpg,.jpg,138531,135.3
/images/events/music/harbor-music-series..jpg,public/images/events/music/harbor-music-series..jpg,images/events/music,harbor-music-series..jpg,.jpg,98870,96.6
/images/events/music/jazz-sunset.jpg,public/images/events/music/jazz-sunset.jpg,images/events/music,jazz-sunset.jpg,.jpg,181340,177.1
/images/events/music/reggae-night.jpg,public/images/events/music/reggae-night.jpg,images/events/music,reggae-night.jpg,.jpg,551549,538.6
/images/events/music/steel-pan-night.jpg,public/images/events/music/steel-pan-night.jpg,images/events/music,steel-pan-night.jpg,.jpg,29490,28.8
/images/events/music/sunset-jazz.jpg,public/images/events/music/sunset-jazz.jpg,images/events/music,sunset-jazz.jpg,.jpg,181340,177.1
/images/events/sports/8-tuff-miles.jpg,public/images/events/sports/8-tuff-miles.jpg,images/events/sports,8-tuff-miles.jpg,.jpg,4749006,4637.7
/images/events/sports/horse-racing.jpg,public/images/events/sports/horse-racing.jpg,images/events/sports,horse-racing.jpg,.jpg,64260,62.8
/images/events/sports/optimist-regatta.jpg,public/images/events/sports/optimist-regatta.jpg,images/events/sports,optimist-regatta.jpg,.jpg,215553,210.5
/images/events/sports/paradise-jam.jpg,public/images/events/sports/paradise-jam.jpg,images/events/sports,paradise-jam.jpg,.jpg,460443,449.7
/images/events/sports/rolex-regatta.jpg,public/images/events/sports/rolex-regatta.jpg,images/events/sports,rolex-regatta.jpg,.jpg,58714,57.3
/images/events/sports/st-thomas-international-regatta.jpg,public/images/events/sports/st-thomas-international-regatta.jpg,images/events/sports,st-thomas-international-regatta.jpg,.jpg,354783,346.5
/images/places/st-croix/40-strand-eatery-1.jpg,public/images/places/st-croix/40-strand-eatery-1.jpg,images/places/st-croix,40-strand-eatery-1.jpg,.jpg,380557,371.6
/images/places/st-croix/ama-at-cane-bay-1.jpg,public/images/places/st-croix/ama-at-cane-bay-1.jpg,images/places/st-croix,ama-at-cane-bay-1.jpg,.jpg,582322,568.7
/images/places/st-croix/american-yacht-harbor-1.jpg,public/images/places/st-croix/american-yacht-harbor-1.jpg,images/places/st-croix,american-yacht-harbor-1.jpg,.jpg,304974,297.8
/images/places/st-croix/annaly-bay-beach-1.jpg,public/images/places/st-croix/annaly-bay-beach-1.jpg,images/places/st-croix,annaly-bay-beach-1.jpg,.jpg,489873,478.4
/images/places/st-croix/annaly-bay-tide-pools-trail-1.jpg,public/images/places/st-croix/annaly-bay-tide-pools-trail-1.jpg,images/places/st-croix,annaly-bay-tide-pools-trail-1.jpg,.jpg,220233,215.1
/images/places/st-croix/balter-1.jpg,public/images/places/st-croix/balter-1.jpg,images/places/st-croix,balter-1.jpg,.jpg,286230,279.5
/images/places/st-croix/beach-side-caf-1.jpg,public/images/places/st-croix/beach-side-caf-1.jpg,images/places/st-croix,beach-side-caf-1.jpg,.jpg,329491,321.8
/images/places/st-croix/blues-backyard-bbq-1.jpg,public/images/places/st-croix/blues-backyard-bbq-1.jpg,images/places/st-croix,blues-backyard-bbq-1.jpg,.jpg,356463,348.1
/images/places/st-croix/bon-manjer-1.jpg,public/images/places/st-croix/bon-manjer-1.jpg,images/places/st-croix,bon-manjer-1.jpg,.jpg,188179,183.8
/images/places/st-croix/brew-stx-1.jpg,public/images/places/st-croix/brew-stx-1.jpg,images/places/st-croix,brew-stx-1.jpg,.jpg,650117,634.9
/images/places/st-croix/buccaneer-beach-1.jpg,public/images/places/st-croix/buccaneer-beach-1.jpg,images/places/st-croix,buccaneer-beach-1.jpg,.jpg,399238,389.9
/images/places/st-croix/buck-island-reef-national-monument-1.jpg,public/images/places/st-croix/buck-island-reef-national-monument-1.jpg,images/places/st-croix,buck-island-reef-national-monument-1.jpg,.jpg,2000544,1953.7
/images/places/st-croix/caf-christine-1.jpg,public/images/places/st-croix/caf-christine-1.jpg,images/places/st-croix,caf-christine-1.jpg,.jpg,407282,397.7
/images/places/st-croix/cafe-fresco-1.jpg,public/images/places/st-croix/cafe-fresco-1.jpg,images/places/st-croix,cafe-fresco-1.jpg,.jpg,322934,315.4
/images/places/st-croix/cane-bay-beach-1.jpg,public/images/places/st-croix/cane-bay-beach-1.jpg,images/places/st-croix,cane-bay-beach-1.jpg,.jpg,872137,851.7
/images/places/st-croix/cane-bay-wall-1.jpg,public/images/places/st-croix/cane-bay-wall-1.jpg,images/places/st-croix,cane-bay-wall-1.jpg,.jpg,48979,47.8
/images/places/st-croix/captain-morgan-visitor-center-1.jpg,public/images/places/st-croix/captain-morgan-visitor-center-1.jpg,images/places/st-croix,captain-morgan-visitor-center-1.jpg,.jpg,200074,195.4
/images/places/st-croix/carambola-tide-pools-1.jpg,public/images/places/st-croix/carambola-tide-pools-1.jpg,images/places/st-croix,carambola-tide-pools-1.jpg,.jpg,118886,116.1
/images/places/st-croix/carolines-breakfast-1.jpg,public/images/places/st-croix/carolines-breakfast-1.jpg,images/places/st-croix,carolines-breakfast-1.jpg,.jpg,391822,382.6
/images/places/st-croix/cast-iron-pot-1.jpg,public/images/places/st-croix/cast-iron-pot-1.jpg,images/places/st-croix,cast-iron-pot-1.jpg,.jpg,322826,315.3
/images/places/st-croix/cheeseburgers-in-americas-paradise-1.jpg,public/images/places/st-croix/cheeseburgers-in-americas-paradise-1.jpg,images/places/st-croix,cheeseburgers-in-americas-paradise-1.jpg,.jpg,316763,309.3
/images/places/st-croix/chicken-shack-1.jpg,public/images/places/st-croix/chicken-shack-1.jpg,images/places/st-croix,chicken-shack-1.jpg,.jpg,595889,581.9
/images/places/st-croix/christiansted-boardwalk-1.jpg,public/images/places/st-croix/christiansted-boardwalk-1.jpg,images/places/st-croix,christiansted-boardwalk-1.jpg,.jpg,76049,74.3
/images/places/st-croix/christiansted-boardwalk-ferry-dock-1.jpg,public/images/places/st-croix/christiansted-boardwalk-ferry-dock-1.jpg,images/places/st-croix,christiansted-boardwalk-ferry-dock-1.jpg,.jpg,203673,198.9
/images/places/st-croix/christiansted-harbor-tender-dock-1.jpg,public/images/places/st-croix/christiansted-harbor-tender-dock-1.jpg,images/places/st-croix,christiansted-harbor-tender-dock-1.jpg,.jpg,302947,295.8
/images/places/st-croix/christiansted-historic-district-1.jpg,public/images/places/st-croix/christiansted-historic-district-1.jpg,images/places/st-croix,christiansted-historic-district-1.jpg,.jpg,189226,184.8
/images/places/st-croix/christiansted-national-historic-site-1.jpg,public/images/places/st-croix/christiansted-national-historic-site-1.jpg,images/places/st-croix,christiansted-national-historic-site-1.jpg,.jpg,888913,868.1
/images/places/st-croix/christiansted-seaplane-terminal-1.jpg,public/images/places/st-croix/christiansted-seaplane-terminal-1.jpg,images/places/st-croix,christiansted-seaplane-terminal-1.jpg,.jpg,184501,180.2
/images/places/st-croix/ci-bo-n-1.jpg,public/images/places/st-croix/ci-bo-n-1.jpg,images/places/st-croix,ci-bo-n-1.jpg,.jpg,311401,304.1
/images/places/st-croix/common-cents-pub-1.jpg,public/images/places/st-croix/common-cents-pub-1.jpg,images/places/st-croix,common-cents-pub-1.jpg,.jpg,768269,750.3
/images/places/st-croix/company-street-shops-1.jpg,public/images/places/st-croix/company-street-shops-1.jpg,images/places/st-croix,company-street-shops-1.jpg,.jpg,249884,244.0
/images/places/st-croix/compass-point-marina-1.jpg,public/images/places/st-croix/compass-point-marina-1.jpg,images/places/st-croix,compass-point-marina-1.jpg,.jpg,458465,447.7
/images/places/st-croix/crown-bay-marina-1.jpg,public/images/places/st-croix/crown-bay-marina-1.jpg,images/places/st-croix,crown-bay-marina-1.jpg,.jpg,305406,298.2
/images/places/st-croix/cruzan-rum-distillery-1.jpg,public/images/places/st-croix/cruzan-rum-distillery-1.jpg,images/places/st-croix,cruzan-rum-distillery-1.jpg,.jpg,892023,871.1
/images/places/st-croix/deep-end-bar-1.jpg,public/images/places/st-croix/deep-end-bar-1.jpg,images/places/st-croix,deep-end-bar-1.jpg,.jpg,343283,335.2
/images/places/st-croix/dorsch-beach-1.jpg,public/images/places/st-croix/dorsch-beach-1.jpg,images/places/st-croix,dorsch-beach-1.jpg,.jpg,425091,415.1
/images/places/st-croix/duggans-reef-1.jpg,public/images/places/st-croix/duggans-reef-1.jpg,images/places/st-croix,duggans-reef-1.jpg,.jpg,293514,286.6
/images/places/st-croix/eden-south-1.jpg,public/images/places/st-croix/eden-south-1.jpg,images/places/st-croix,eden-south-1.jpg,.jpg,312039,304.7
/images/places/st-croix/el-sol-bar-and-restaurant-1.jpg,public/images/places/st-croix/el-sol-bar-and-restaurant-1.jpg,images/places/st-croix,el-sol-bar-and-restaurant-1.jpg,.jpg,429248,419.2
/images/places/st-croix/estate-whim-plantation-1.jpg,public/images/places/st-croix/estate-whim-plantation-1.jpg,images/places/st-croix,estate-whim-plantation-1.jpg,.jpg,324442,316.8
/images/places/st-croix/estate-whim-plantation-museum-1.jpg,public/images/places/st-croix/estate-whim-plantation-museum-1.jpg,images/places/st-croix,estate-whim-plantation-museum-1.jpg,.jpg,416770,407.0
/images/places/st-croix/flyers-bar-and-grill-1.jpg,public/images/places/st-croix/flyers-bar-and-grill-1.jpg,images/places/st-croix,flyers-bar-and-grill-1.jpg,.jpg,390010,380.9
/images/places/st-croix/fort-christiansvaern-1.jpg,public/images/places/st-croix/fort-christiansvaern-1.jpg,images/places/st-croix,fort-christiansvaern-1.jpg,.jpg,663757,648.2
/images/places/st-croix/fort-christiansvaern-2.jpg,public/images/places/st-croix/fort-christiansvaern-2.jpg,images/places/st-croix,fort-christiansvaern-2.jpg,.jpg,69458,67.8
/images/places/st-croix/fort-frederik-1.jpg,public/images/places/st-croix/fort-frederik-1.jpg,images/places/st-croix,fort-frederik-1.jpg,.jpg,622081,607.5
/images/places/st-croix/frederiksted-beach-1.jpg,public/images/places/st-croix/frederiksted-beach-1.jpg,images/places/st-croix,frederiksted-beach-1.jpg,.jpg,344406,336.3
/images/places/st-croix/frederiksted-cruise-pier-1.jpg,public/images/places/st-croix/frederiksted-cruise-pier-1.jpg,images/places/st-croix,frederiksted-cruise-pier-1.jpg,.jpg,121219,118.4
/images/places/st-croix/frederiksted-historic-district-1.jpg,public/images/places/st-croix/frederiksted-historic-district-1.jpg,images/places/st-croix,frederiksted-historic-district-1.jpg,.jpg,205537,200.7
/images/places/st-croix/frederiksted-pier-1.jpg,public/images/places/st-croix/frederiksted-pier-1.jpg,images/places/st-croix,frederiksted-pier-1.jpg,.jpg,515771,503.7
/images/places/st-croix/frederiksted-waterfront-1.jpg,public/images/places/st-croix/frederiksted-waterfront-1.jpg,images/places/st-croix,frederiksted-waterfront-1.jpg,.jpg,820293,801.1
/images/places/st-croix/frederiksted-waterfront-shops-1.jpg,public/images/places/st-croix/frederiksted-waterfront-shops-1.jpg,images/places/st-croix,frederiksted-waterfront-shops-1.jpg,.jpg,112816,110.2
/images/places/st-croix/gallows-bay-1.jpg,public/images/places/st-croix/gallows-bay-1.jpg,images/places/st-croix,gallows-bay-1.jpg,.jpg,78283,76.4
/images/places/st-croix/gallows-bay-ferry-terminal-1.jpg,public/images/places/st-croix/gallows-bay-ferry-terminal-1.jpg,images/places/st-croix,gallows-bay-ferry-terminal-1.jpg,.jpg,65763,64.2
/images/places/st-croix/goat-soup-and-whiskey-1.jpg,public/images/places/st-croix/goat-soup-and-whiskey-1.jpg,images/places/st-croix,goat-soup-and-whiskey-1.jpg,.jpg,367529,358.9
/images/places/st-croix/government-house-christiansted-1.jpg,public/images/places/st-croix/government-house-christiansted-1.jpg,images/places/st-croix,government-house-christiansted-1.jpg,.jpg,23898,23.3
/images/places/st-croix/grapetree-bay-beach-1.jpg,public/images/places/st-croix/grapetree-bay-beach-1.jpg,images/places/st-croix,grapetree-bay-beach-1.jpg,.jpg,307454,300.2
/images/places/st-croix/hamiltons-1.jpg,public/images/places/st-croix/hamiltons-1.jpg,images/places/st-croix,hamiltons-1.jpg,.jpg,413901,404.2
/images/places/st-croix/hams-bluff-lighthouse-1.jpg,public/images/places/st-croix/hams-bluff-lighthouse-1.jpg,images/places/st-croix,hams-bluff-lighthouse-1.jpg,.jpg,623294,608.7
/images/places/st-croix/hams-bluff-lighthouse-trail-1.jpg,public/images/places/st-croix/hams-bluff-lighthouse-trail-1.jpg,images/places/st-croix,hams-bluff-lighthouse-trail-1.jpg,.jpg,1061061,1036.2
/images/places/st-croix/harbour-prime-steak-and-seafood-1.jpg,public/images/places/st-croix/harbour-prime-steak-and-seafood-1.jpg,images/places/st-croix,harbour-prime-steak-and-seafood-1.jpg,.jpg,271485,265.1
/images/places/st-croix/harveys-1.jpg,public/images/places/st-croix/harveys-1.jpg,images/places/st-croix,harveys-1.jpg,.jpg,386457,377.4
/images/places/st-croix/henry-e-rohlsen-airport-1.jpg,public/images/places/st-croix/henry-e-rohlsen-airport-1.jpg,images/places/st-croix,henry-e-rohlsen-airport-1.jpg,.jpg,3879830,3788.9
/images/places/st-croix/jack-and-isaac-bay-beach-1.jpg,public/images/places/st-croix/jack-and-isaac-bay-beach-1.jpg,images/places/st-croix,jack-and-isaac-bay-beach-1.jpg,.jpg,284055,277.4
/images/places/st-croix/jack-and-isaac-bay-preserve-1.jpg,public/images/places/st-croix/jack-and-isaac-bay-preserve-1.jpg,images/places/st-croix,jack-and-isaac-bay-preserve-1.jpg,.jpg,80858,79.0
/images/places/st-croix/jack-and-isaac-bay-trail-1.jpg,public/images/places/st-croix/jack-and-isaac-bay-trail-1.jpg,images/places/st-croix,jack-and-isaac-bay-trail-1.jpg,.jpg,197262,192.6
/images/places/st-croix/kendricks-1.jpg,public/images/places/st-croix/kendricks-1.jpg,images/places/st-croix,kendricks-1.jpg,.jpg,271485,265.1
/images/places/st-croix/kims-restaurant-1.jpg,public/images/places/st-croix/kims-restaurant-1.jpg,images/places/st-croix,kims-restaurant-1.jpg,.jpg,189163,184.7
/images/places/st-croix/la-reine-chicken-shack-1.jpg,public/images/places/st-croix/la-reine-chicken-shack-1.jpg,images/places/st-croix,la-reine-chicken-shack-1.jpg,.jpg,595889,581.9
/images/places/st-croix/leatherback-brewing-company-1.jpg,public/images/places/st-croix/leatherback-brewing-company-1.jpg,images/places/st-croix,leatherback-brewing-company-1.jpg,.jpg,211323,206.4
/images/places/st-croix/louie-and-nachos-beach-bar-1.jpg,public/images/places/st-croix/louie-and-nachos-beach-bar-1.jpg,images/places/st-croix,louie-and-nachos-beach-bar-1.jpg,.jpg,117571,114.8
/images/places/st-croix/marias-cantina-1.jpg,public/images/places/st-croix/marias-cantina-1.jpg,images/places/st-croix,marias-cantina-1.jpg,.jpg,262689,256.5
/images/places/st-croix/mount-eagle-1.jpg,public/images/places/st-croix/mount-eagle-1.jpg,images/places/st-croix,mount-eagle-1.jpg,.jpg,275555,269.1
/images/places/st-croix/nates-boathouse-1.jpg,public/images/places/st-croix/nates-boathouse-1.jpg,images/places/st-croix,nates-boathouse-1.jpg,.jpg,475284,464.1
/images/places/st-croix/nauti-bar-and-grille-1.jpg,public/images/places/st-croix/nauti-bar-and-grille-1.jpg,images/places/st-croix,nauti-bar-and-grille-1.jpg,.jpg,373754,365.0
/images/places/st-croix/no-bones-caf-1.jpg,public/images/places/st-croix/no-bones-caf-1.jpg,images/places/st-croix,no-bones-caf-1.jpg,.jpg,399653,390.3
/images/places/st-croix/off-the-wall-1.jpg,public/images/places/st-croix/off-the-wall-1.jpg,images/places/st-croix,off-the-wall-1.jpg,.jpg,325395,317.8
/images/places/st-croix/old-danish-customs-house-1.jpg,public/images/places/st-croix/old-danish-customs-house-1.jpg,images/places/st-croix,old-danish-customs-house-1.jpg,.jpg,305029,297.9
/images/places/st-croix/paradise-pizza-1.jpg,public/images/places/st-croix/paradise-pizza-1.jpg,images/places/st-croix,paradise-pizza-1.jpg,.jpg,285967,279.3
/images/places/st-croix/pelican-cove-beach-1.jpg,public/images/places/st-croix/pelican-cove-beach-1.jpg,images/places/st-croix,pelican-cove-beach-1.jpg,.jpg,227860,222.5
/images/places/st-croix/point-udall-1.jpg,public/images/places/st-croix/point-udall-1.jpg,images/places/st-croix,point-udall-1.jpg,.jpg,162904,159.1
/images/places/st-croix/pollys-at-the-pier-1.jpg,public/images/places/st-croix/pollys-at-the-pier-1.jpg,images/places/st-croix,pollys-at-the-pier-1.jpg,.jpg,485582,474.2
/images/places/st-croix/protestant-cay-1.jpg,public/images/places/st-croix/protestant-cay-1.jpg,images/places/st-croix,protestant-cay-1.jpg,.jpg,54384,53.1
/images/places/st-croix/protestant-cay-beach-1.jpg,public/images/places/st-croix/protestant-cay-beach-1.jpg,images/places/st-croix,protestant-cay-beach-1.jpg,.jpg,442939,432.6
/images/places/st-croix/rainbow-beach-1.jpg,public/images/places/st-croix/rainbow-beach-1.jpg,images/places/st-croix,rainbow-beach-1.jpg,.jpg,333332,325.5
/images/places/st-croix/rhythms-at-rainbow-beach-1.jpg,public/images/places/st-croix/rhythms-at-rainbow-beach-1.jpg,images/places/st-croix,rhythms-at-rainbow-beach-1.jpg,.jpg,233616,228.1
/images/places/st-croix/rowdy-joes-1.jpg,public/images/places/st-croix/rowdy-joes-1.jpg,images/places/st-croix,rowdy-joes-1.jpg,.jpg,1089129,1063.6
/images/places/st-croix/rum-runners-1.jpg,public/images/places/st-croix/rum-runners-1.jpg,images/places/st-croix,rum-runners-1.jpg,.jpg,153396,149.8
/images/places/st-croix/salt-great-pond-1.jpg,public/images/places/st-croix/salt-great-pond-1.jpg,images/places/st-croix,salt-great-pond-1.jpg,.jpg,413826,404.1
/images/places/st-croix/salt-river-bay-national-historical-park-1.jpg,public/images/places/st-croix/salt-river-bay-national-historical-park-1.jpg,images/places/st-croix,salt-river-bay-national-historical-park-1.jpg,.jpg,621978,607.4
/images/places/st-croix/sandy-point-beach-1.jpg,public/images/places/st-croix/sandy-point-beach-1.jpg,images/places/st-croix,sandy-point-beach-1.jpg,.jpg,123577,120.7
/images/places/st-croix/sandy-point-national-wildlife-refuge-1.jpg,public/images/places/st-croix/sandy-point-national-wildlife-refuge-1.jpg,images/places/st-croix,sandy-point-national-wildlife-refuge-1.jpg,.jpg,1343099,1311.6
/images/places/st-croix/sandy-point-nature-trail-1.jpg,public/images/places/st-croix/sandy-point-nature-trail-1.jpg,images/places/st-croix,sandy-point-nature-trail-1.jpg,.jpg,560613,547.5
/images/places/st-croix/sapphire-marina-1.jpg,public/images/places/st-croix/sapphire-marina-1.jpg,images/places/st-croix,sapphire-marina-1.jpg,.jpg,644437,629.3
/images/places/st-croix/savant-1.jpg,public/images/places/st-croix/savant-1.jpg,images/places/st-croix,savant-1.jpg,.jpg,272895,266.5
/images/places/st-croix/scale-house-1.jpg,public/images/places/st-croix/scale-house-1.jpg,images/places/st-croix,scale-house-1.jpg,.jpg,1363993,1332.0
/images/places/st-croix/seaside-market-deli-1.jpg,public/images/places/st-croix/seaside-market-deli-1.jpg,images/places/st-croix,seaside-market-deli-1.jpg,.jpg,323548,316.0
/images/places/st-croix/shoys-beach-1.jpg,public/images/places/st-croix/shoys-beach-1.jpg,images/places/st-croix,shoys-beach-1.jpg,.jpg,475066,463.9
/images/places/st-croix/shupes-on-the-boardwalk-1.jpg,public/images/places/st-croix/shupes-on-the-boardwalk-1.jpg,images/places/st-croix,shupes-on-the-boardwalk-1.jpg,.jpg,248935,243.1
/images/places/st-croix/singhs-fast-food-1.jpg,public/images/places/st-croix/singhs-fast-food-1.jpg,images/places/st-croix,singhs-fast-food-1.jpg,.jpg,342365,334.3
/images/places/st-croix/sion-farm-distillery-1.jpg,public/images/places/st-croix/sion-farm-distillery-1.jpg,images/places/st-croix,sion-farm-distillery-1.jpg,.jpg,458244,447.5
/images/places/st-croix/six-nine-restaurant-and-bar-1.jpg,public/images/places/st-croix/six-nine-restaurant-and-bar-1.jpg,images/places/st-croix,six-nine-restaurant-and-bar-1.jpg,.jpg,386939,377.9
/images/places/st-croix/sprat-hall-beach-1.jpg,public/images/places/st-croix/sprat-hall-beach-1.jpg,images/places/st-croix,sprat-hall-beach-1.jpg,.jpg,327920,320.2
/images/places/st-croix/spratnet-beach-bar-1.jpg,public/images/places/st-croix/spratnet-beach-bar-1.jpg,images/places/st-croix,spratnet-beach-bar-1.jpg,.jpg,342114,334.1
/images/places/st-croix/st-croix-cellars-1.jpg,public/images/places/st-croix/st-croix-cellars-1.jpg,images/places/st-croix,st-croix-cellars-1.jpg,.jpg,838200,818.6
/images/places/st-croix/st-george-village-botanical-garden-1.jpg,public/images/places/st-croix/st-george-village-botanical-garden-1.jpg,images/places/st-croix,st-george-village-botanical-garden-1.jpg,.jpg,1057663,1032.9
/images/places/st-croix/steeple-building-1.jpg,public/images/places/st-croix/steeple-building-1.jpg,images/places/st-croix,steeple-building-1.jpg,.jpg,37842,37.0
/images/places/st-croix/sunny-isle-shopping-center-1.jpg,public/images/places/st-croix/sunny-isle-shopping-center-1.jpg,images/places/st-croix,sunny-isle-shopping-center-1.jpg,.jpg,97906,95.6
/images/places/st-croix/taco-shack-1.jpg,public/images/places/st-croix/taco-shack-1.jpg,images/places/st-croix,taco-shack-1.jpg,.jpg,256534,250.5
/images/places/st-croix/tamarind-reef-beach-1.jpg,public/images/places/st-croix/tamarind-reef-beach-1.jpg,images/places/st-croix,tamarind-reef-beach-1.jpg,.jpg,235615,230.1
/images/places/st-croix/tap-and-still-red-hook-1.jpg,public/images/places/st-croix/tap-and-still-red-hook-1.jpg,images/places/st-croix,tap-and-still-red-hook-1.jpg,.jpg,474349,463.2
/images/places/st-croix/tap-deck-bar-and-billiards-1.jpg,public/images/places/st-croix/tap-deck-bar-and-billiards-1.jpg,images/places/st-croix,tap-deck-bar-and-billiards-1.jpg,.jpg,1789450,1747.5
/images/places/st-croix/the-bombay-club-1.jpg,public/images/places/st-croix/the-bombay-club-1.jpg,images/places/st-croix,the-bombay-club-1.jpg,.jpg,673807,658.0
/images/places/st-croix/the-fred-beach-bar-1.jpg,public/images/places/st-croix/the-fred-beach-bar-1.jpg,images/places/st-croix,the-fred-beach-bar-1.jpg,.jpg,2116666,2067.1
/images/places/st-croix/the-landing-beach-bar-1.jpg,public/images/places/st-croix/the-landing-beach-bar-1.jpg,images/places/st-croix,the-landing-beach-bar-1.jpg,.jpg,309326,302.1
/images/places/st-croix/the-mill-boardwalk-bar-and-pizza-1.jpg,public/images/places/st-croix/the-mill-boardwalk-bar-and-pizza-1.jpg,images/places/st-croix,the-mill-boardwalk-bar-and-pizza-1.jpg,.jpg,475392,464.2
/images/places/st-croix/the-terrace-restaurant-1.jpg,public/images/places/st-croix/the-terrace-restaurant-1.jpg,images/places/st-croix,the-terrace-restaurant-1.jpg,.jpg,341595,333.6
/images/places/st-croix/tlc-kitchen-1.jpg,public/images/places/st-croix/tlc-kitchen-1.jpg,images/places/st-croix,tlc-kitchen-1.jpg,.jpg,117771,115.0
/images/places/st-croix/toast-diner-1.jpg,public/images/places/st-croix/toast-diner-1.jpg,images/places/st-croix,toast-diner-1.jpg,.jpg,464217,453.3
/images/places/st-croix/too-chez-1.jpg,public/images/places/st-croix/too-chez-1.jpg,images/places/st-croix,too-chez-1.jpg,.jpg,391605,382.4
/images/places/st-croix/turtles-deli-1.jpg,public/images/places/st-croix/turtles-deli-1.jpg,images/places/st-croix,turtles-deli-1.jpg,.jpg,530779,518.3
/images/places/st-croix/twin-city-coffee-house-1.jpg,public/images/places/st-croix/twin-city-coffee-house-1.jpg,images/places/st-croix,twin-city-coffee-house-1.jpg,.jpg,272886,266.5
/images/places/st-croix/water-island-ferry-terminal-1.jpg,public/images/places/st-croix/water-island-ferry-terminal-1.jpg,images/places/st-croix,water-island-ferry-terminal-1.jpg,.jpg,449847,439.3
/images/places/st-croix/yacht-haven-grande-marina-1.jpg,public/images/places/st-croix/yacht-haven-grande-marina-1.jpg,images/places/st-croix,yacht-haven-grande-marina-1.jpg,.jpg,312245,304.9
/images/places/st-croix/ziggys-island-market-1.jpg,public/images/places/st-croix/ziggys-island-market-1.jpg,images/places/st-croix,ziggys-island-market-1.jpg,.jpg,332748,324.9
/images/places/st-john/18-64-the-restaurant-1.jpg,public/images/places/st-john/18-64-the-restaurant-1.jpg,images/places/st-john,18-64-the-restaurant-1.jpg,.jpg,288050,281.3
/images/places/st-john/420-to-center-1.jpg,public/images/places/st-john/420-to-center-1.jpg,images/places/st-john,420-to-center-1.jpg,.jpg,488200,476.8
/images/places/st-john/IMG_8746.jpeg,public/images/places/st-john/IMG_8746.jpeg,images/places/st-john,IMG_8746.jpeg,.jpeg,248603,242.8
/images/places/st-john/IMG_8747.webp,public/images/places/st-john/IMG_8747.webp,images/places/st-john,IMG_8747.webp,.webp,589984,576.2
/images/places/st-john/annaberg-sugar-plantation-1.jpg,public/images/places/st-john/annaberg-sugar-plantation-1.jpg,images/places/st-john,annaberg-sugar-plantation-1.jpg,.jpg,99073,96.8
/images/places/st-john/aqua-bistro-1.jpg,public/images/places/st-john/aqua-bistro-1.jpg,images/places/st-john,aqua-bistro-1.jpg,.jpg,762411,744.5
/images/places/st-john/banana-deck-1.jpg,public/images/places/st-john/banana-deck-1.jpg,images/places/st-john,banana-deck-1.jpg,.jpg,498658,487.0
/images/places/st-john/bordeaux-mountain-1.jpg,public/images/places/st-john/bordeaux-mountain-1.jpg,images/places/st-john,bordeaux-mountain-1.jpg,.jpg,528551,516.2
/images/places/st-john/bordeaux-mountain-trail-1.jpg,public/images/places/st-john/bordeaux-mountain-trail-1.jpg,images/places/st-john,bordeaux-mountain-trail-1.jpg,.jpg,104088,101.6
/images/places/st-john/bordeaux-mountain.jpg,public/images/places/st-john/bordeaux-mountain.jpg,images/places/st-john,bordeaux-mountain.jpg,.jpg,167474,163.5
/images/places/st-john/brown-bay-trail-1.jpg,public/images/places/st-john/brown-bay-trail-1.jpg,images/places/st-john,brown-bay-trail-1.jpg,.jpg,32821,32.1
/images/places/st-john/caf-roma-1.jpg,public/images/places/st-john/caf-roma-1.jpg,images/places/st-john,caf-roma-1.jpg,.jpg,148479,145.0
/images/places/st-john/caneel-bay-overlook-1.jpg,public/images/places/st-john/caneel-bay-overlook-1.jpg,images/places/st-john,caneel-bay-overlook-1.jpg,.jpg,445103,434.7
/images/places/st-john/caneel-beach-bar-1.jpg,public/images/places/st-john/caneel-beach-bar-1.jpg,images/places/st-john,caneel-beach-bar-1.jpg,.jpg,415687,405.9
/images/places/st-john/catherineberg-ruins-1.jpg,public/images/places/st-john/catherineberg-ruins-1.jpg,images/places/st-john,catherineberg-ruins-1.jpg,.jpg,584949,571.2
/images/places/st-john/cinnamon-bay-archaeological-site-1.jpg,public/images/places/st-john/cinnamon-bay-archaeological-site-1.jpg,images/places/st-john,cinnamon-bay-archaeological-site-1.jpg,.jpg,136896,133.7
/images/places/st-john/cinnamon-bay-archaeology-museum-1.jpg,public/images/places/st-john/cinnamon-bay-archaeology-museum-1.jpg,images/places/st-john,cinnamon-bay-archaeology-museum-1.jpg,.jpg,694136,677.9
/images/places/st-john/cinnamon-bay-beach-1.jpg,public/images/places/st-john/cinnamon-bay-beach-1.jpg,images/places/st-john,cinnamon-bay-beach-1.jpg,.jpg,325545,317.9
/images/places/st-john/cinnamon-bay-trail-1.jpg,public/images/places/st-john/cinnamon-bay-trail-1.jpg,images/places/st-john,cinnamon-bay-trail-1.jpg,.jpg,379954,371.0
/images/places/st-john/coral-bay-lookout-1.jpg,public/images/places/st-john/coral-bay-lookout-1.jpg,images/places/st-john,coral-bay-lookout-1.jpg,.jpg,294342,287.4
/images/places/st-john/coral-bay-taxi-stand-1.jpg,public/images/places/st-john/coral-bay-taxi-stand-1.jpg,images/places/st-john,coral-bay-taxi-stand-1.jpg,.jpg,466600,455.7
/images/places/st-john/cruz-bay-ferry-dock-1.jpg,public/images/places/st-john/cruz-bay-ferry-dock-1.jpg,images/places/st-john,cruz-bay-ferry-dock-1.jpg,.jpg,112560,109.9
/images/places/st-john/cruz-bay-landing-1.jpg,public/images/places/st-john/cruz-bay-landing-1.jpg,images/places/st-john,cruz-bay-landing-1.jpg,.jpg,390085,380.9
/images/places/st-john/cruz-bay-shops-1.jpg,public/images/places/st-john/cruz-bay-shops-1.jpg,images/places/st-john,cruz-bay-shops-1.jpg,.jpg,1215156,1186.7
/images/places/st-john/cruz-bay-taxi-stand-1.jpg,public/images/places/st-john/cruz-bay-taxi-stand-1.jpg,images/places/st-john,cruz-bay-taxi-stand-1.jpg,.jpg,248458,242.6
/images/places/st-john/cruz-bay-visitor-center-1.jpg,public/images/places/st-john/cruz-bay-visitor-center-1.jpg,images/places/st-john,cruz-bay-visitor-center-1.jpg,.jpg,501419,489.7
/images/places/st-john/dave-and-jerrys-steakhouse-1.jpg,public/images/places/st-john/dave-and-jerrys-steakhouse-1.jpg,images/places/st-john,dave-and-jerrys-steakhouse-1.jpg,.jpg,278897,272.4
/images/places/st-john/denis-bay-beach-1.jpg,public/images/places/st-john/denis-bay-beach-1.jpg,images/places/st-john,denis-bay-beach-1.jpg,.jpg,381891,372.9
/images/places/st-john/duffys-love-shack-1.jpg,public/images/places/st-john/duffys-love-shack-1.jpg,images/places/st-john,duffys-love-shack-1.jpg,.jpg,494062,482.5
/images/places/st-john/extra-virgin-bistro-1.jpg,public/images/places/st-john/extra-virgin-bistro-1.jpg,images/places/st-john,extra-virgin-bistro-1.jpg,.jpg,389913,380.8
/images/places/st-john/francis-bay-beach-1.jpg,public/images/places/st-john/francis-bay-beach-1.jpg,images/places/st-john,francis-bay-beach-1.jpg,.jpg,319051,311.6
/images/places/st-john/gibney-beach-1.jpg,public/images/places/st-john/gibney-beach-1.jpg,images/places/st-john,gibney-beach-1.jpg,.jpg,281766,275.2
/images/places/st-john/great-cruz-bay-beach-1.jpg,public/images/places/st-john/great-cruz-bay-beach-1.jpg,images/places/st-john,great-cruz-bay-beach-1.jpg,.jpg,240246,234.6
/images/places/st-john/hansen-bay-beach-1.jpg,public/images/places/st-john/hansen-bay-beach-1.jpg,images/places/st-john,hansen-bay-beach-1.jpg,.jpg,723358,706.4
/images/places/st-john/haulover-bay-beach-1.jpg,public/images/places/st-john/haulover-bay-beach-1.jpg,images/places/st-john,haulover-bay-beach-1.jpg,.jpg,362866,354.4
/images/places/st-john/hawksnest-beach-1.jpg,public/images/places/st-john/hawksnest-beach-1.jpg,images/places/st-john,hawksnest-beach-1.jpg,.jpg,336241,328.4
/images/places/st-john/henry-e-rohlsen-airport-1.jpg,public/images/places/st-john/henry-e-rohlsen-airport-1.jpg,images/places/st-john,henry-e-rohlsen-airport-1.jpg,.jpg,267837,261.6
/images/places/st-john/high-tide-bar-and-seafood-grill-1.jpg,public/images/places/st-john/high-tide-bar-and-seafood-grill-1.jpg,images/places/st-john,high-tide-bar-and-seafood-grill-1.jpg,.jpg,191282,186.8
/images/places/st-john/hillside-terrace-1.jpg,public/images/places/st-john/hillside-terrace-1.jpg,images/places/st-john,hillside-terrace-1.jpg,.jpg,795942,777.3
/images/places/st-john/honeymoon-beach-st-john-1.jpg,public/images/places/st-john/honeymoon-beach-st-john-1.jpg,images/places/st-john,honeymoon-beach-st-john-1.jpg,.jpg,295857,288.9
/images/places/st-john/johnny-horn-trail-1.jpg,public/images/places/st-john/johnny-horn-trail-1.jpg,images/places/st-john,johnny-horn-trail-1.jpg,.jpg,167474,163.5
/images/places/st-john/johnny-lime-1.jpg,public/images/places/st-john/johnny-lime-1.jpg,images/places/st-john,johnny-lime-1.jpg,.jpg,300244,293.2
/images/places/st-john/jumbie-bay-beach-1.jpg,public/images/places/st-john/jumbie-bay-beach-1.jpg,images/places/st-john,jumbie-bay-beach-1.jpg,.jpg,368576,359.9
/images/places/st-john/la-tapa-1.jpg,public/images/places/st-john/la-tapa-1.jpg,images/places/st-john,la-tapa-1.jpg,.jpg,286257,279.5
/images/places/st-john/leinster-bay-trail-1.jpg,public/images/places/st-john/leinster-bay-trail-1.jpg,images/places/st-john,leinster-bay-trail-1.jpg,.jpg,238189,232.6
/images/places/st-john/lind-point-trail-1.jpg,public/images/places/st-john/lind-point-trail-1.jpg,images/places/st-john,lind-point-trail-1.jpg,.jpg,581290,567.7
/images/places/st-john/lovango-rum-bar-1.jpg,public/images/places/st-john/lovango-rum-bar-1.jpg,images/places/st-john,lovango-rum-bar-1.jpg,.jpg,84732,82.7
/images/places/st-john/maho-bay-beach-1.jpg,public/images/places/st-john/maho-bay-beach-1.jpg,images/places/st-john,maho-bay-beach-1.jpg,.jpg,299801,292.8
/images/places/st-john/maho-bay-overlook-1.jpg,public/images/places/st-john/maho-bay-overlook-1.jpg,images/places/st-john,maho-bay-overlook-1.jpg,.jpg,343201,335.2
/images/places/st-john/mermaids-chair-trail-1.jpg,public/images/places/st-john/mermaids-chair-trail-1.jpg,images/places/st-john,mermaids-chair-trail-1.jpg,.jpg,168864,164.9
/images/places/st-john/miss-lucys-1.jpg,public/images/places/st-john/miss-lucys-1.jpg,images/places/st-john,miss-lucys-1.jpg,.jpg,474743,463.6
/images/places/st-john/mongoose-junction-1.jpg,public/images/places/st-john/mongoose-junction-1.jpg,images/places/st-john,mongoose-junction-1.jpg,.jpg,411123,401.5
/images/places/st-john/mooies-bar-1.jpg,public/images/places/st-john/mooies-bar-1.jpg,images/places/st-john,mooies-bar-1.jpg,.jpg,219393,214.3
/images/places/st-john/morgans-mango-1.jpg,public/images/places/st-john/morgans-mango-1.jpg,images/places/st-john,morgans-mango-1.jpg,.jpg,221270,216.1
/images/places/st-john/north-shore-deli-1.jpg,public/images/places/st-john/north-shore-deli-1.jpg,images/places/st-john,north-shore-deli-1.jpg,.jpg,423292,413.4
/images/places/st-john/our-market-smoothies-1.jpg,public/images/places/st-john/our-market-smoothies-1.jpg,images/places/st-john,our-market-smoothies-1.jpg,.jpg,785745,767.3
/images/places/st-john/peace-hill-trail-1.jpg,public/images/places/st-john/peace-hill-trail-1.jpg,images/places/st-john,peace-hill-trail-1.jpg,.jpg,2052568,2004.5
/images/places/st-john/peace-hill-windmill-1.jpg,public/images/places/st-john/peace-hill-windmill-1.jpg,images/places/st-john,peace-hill-windmill-1.jpg,.jpg,134289,131.1
/images/places/st-john/petroglyphs-trail-1.jpg,public/images/places/st-john/petroglyphs-trail-1.jpg,images/places/st-john,petroglyphs-trail-1.jpg,.jpg,431968,421.8
/images/places/st-john/pizza-pi-1.jpg,public/images/places/st-john/pizza-pi-1.jpg,images/places/st-john,pizza-pi-1.jpg,.jpg,377395,368.5
/images/places/st-john/ram-head-trail-1.jpg,public/images/places/st-john/ram-head-trail-1.jpg,images/places/st-john,ram-head-trail-1.jpg,.jpg,206155,201.3
/images/places/st-john/reef-bay-trail-1.jpg,public/images/places/st-john/reef-bay-trail-1.jpg,images/places/st-john,reef-bay-trail-1.jpg,.jpg,431968,421.8
/images/places/st-john/rhumb-lines-1.jpg,public/images/places/st-john/rhumb-lines-1.jpg,images/places/st-john,rhumb-lines-1.jpg,.jpg,455985,445.3
/images/places/st-john/salt-pond-bay-beach-1.jpg,public/images/places/st-john/salt-pond-bay-beach-1.jpg,images/places/st-john,salt-pond-bay-beach-1.jpg,.jpg,59244,57.9
/images/places/st-john/salt-pond-trail-1.jpg,public/images/places/st-john/salt-pond-trail-1.jpg,images/places/st-john,salt-pond-trail-1.jpg,.jpg,59244,57.9
/images/places/st-john/sam-and-jacks-deli-1.jpg,public/images/places/st-john/sam-and-jacks-deli-1.jpg,images/places/st-john,sam-and-jacks-deli-1.jpg,.jpg,330880,323.1
/images/places/st-john/shambles-1.jpg,public/images/places/st-john/shambles-1.jpg,images/places/st-john,shambles-1.jpg,.jpg,520998,508.8
/images/places/st-john/skinny-legs-1.jpg,public/images/places/st-john/skinny-legs-1.jpg,images/places/st-john,skinny-legs-1.jpg,.jpg,405838,396.3
/images/places/st-john/st-john-brewers-tap-room-1.jpg,public/images/places/st-john/st-john-brewers-tap-room-1.jpg,images/places/st-john,st-john-brewers-tap-room-1.jpg,.jpg,186378,182.0
/images/places/st-john/stj-speakeasy-1.jpg,public/images/places/st-john/stj-speakeasy-1.jpg,images/places/st-john,stj-speakeasy-1.jpg,.jpg,322752,315.2
/images/places/st-john/sun-dog-caf-1.jpg,public/images/places/st-john/sun-dog-caf-1.jpg,images/places/st-john,sun-dog-caf-1.jpg,.jpg,911949,890.6
/images/places/st-john/surf-club-cantina-1.jpg,public/images/places/st-john/surf-club-cantina-1.jpg,images/places/st-john,surf-club-cantina-1.jpg,.jpg,470893,459.9
/images/places/st-john/the-beach-bar-1.jpg,public/images/places/st-john/the-beach-bar-1.jpg,images/places/st-john,the-beach-bar-1.jpg,.jpg,495491,483.9
/images/places/st-john/the-beach-bar-st-john-1.jpg,public/images/places/st-john/the-beach-bar-st-john-1.jpg,images/places/st-john,the-beach-bar-st-john-1.jpg,.jpg,135930,132.7
/images/places/st-john/the-lime-inn-1.jpg,public/images/places/st-john/the-lime-inn-1.jpg,images/places/st-john,the-lime-inn-1.jpg,.jpg,341415,333.4
/images/places/st-john/the-longboard-1.jpg,public/images/places/st-john/the-longboard-1.jpg,images/places/st-john,the-longboard-1.jpg,.jpg,202987,198.2
/images/places/st-john/the-tap-room-st-john-1.jpg,public/images/places/st-john/the-tap-room-st-john-1.jpg,images/places/st-john,the-tap-room-st-john-1.jpg,.jpg,90551,88.4
/images/places/st-john/the-terrace-1.jpg,public/images/places/st-john/the-terrace-1.jpg,images/places/st-john,the-terrace-1.jpg,.jpg,308334,301.1
/images/places/st-john/trunk-bay-beach-1.jpg,public/images/places/st-john/trunk-bay-beach-1.jpg,images/places/st-john,trunk-bay-beach-1.jpg,.jpg,384811,375.8
/images/places/st-john/trunk-bay-overlook-1.jpg,public/images/places/st-john/trunk-bay-overlook-1.jpg,images/places/st-john,trunk-bay-overlook-1.jpg,.jpg,69822,68.2
/images/places/st-john/uncle-joes-bbq-1.jpg,public/images/places/st-john/uncle-joes-bbq-1.jpg,images/places/st-john,uncle-joes-bbq-1.jpg,.jpg,475528,464.4
/images/places/st-john/virgin-islands-national-park-1.jpg,public/images/places/st-john/virgin-islands-national-park-1.jpg,images/places/st-john,virgin-islands-national-park-1.jpg,.jpg,509832,497.9
/images/places/st-john/waterlemon-cay-beach-1.jpg,public/images/places/st-john/waterlemon-cay-beach-1.jpg,images/places/st-john,waterlemon-cay-beach-1.jpg,.jpg,616219,601.8
/images/places/st-john/wharfside-village-1.jpg,public/images/places/st-john/wharfside-village-1.jpg,images/places/st-john,wharfside-village-1.jpg,.jpg,149235,145.7
/images/places/st-john/windmill-bar-1.jpg,public/images/places/st-john/windmill-bar-1.jpg,images/places/st-john,windmill-bar-1.jpg,.jpg,641304,626.3
/images/places/st-john/woodys-seafood-saloon-1.jpg,public/images/places/st-john/woodys-seafood-saloon-1.jpg,images/places/st-john,woodys-seafood-saloon-1.jpg,.jpg,391087,381.9
/images/places/st-thomas/99-steps-1.jpg,public/images/places/st-thomas/99-steps-1.jpg,images/places/st-thomas,99-steps-1.jpg,.jpg,619467,604.9
/images/places/st-thomas/agave-1.jpg,public/images/places/st-thomas/agave-1.jpg,images/places/st-thomas,agave-1.jpg,.jpg,278610,272.1
/images/places/st-thomas/amalia-caf-1.jpg,public/images/places/st-thomas/amalia-caf-1.jpg,images/places/st-thomas,amalia-caf-1.jpg,.jpg,157751,154.1
/images/places/st-thomas/american-yacht-harbor-1.jpg,public/images/places/st-thomas/american-yacht-harbor-1.jpg,images/places/st-thomas,american-yacht-harbor-1.jpg,.jpg,150703,147.2
/images/places/st-thomas/barefoot-buddha-1.jpg,public/images/places/st-thomas/barefoot-buddha-1.jpg,images/places/st-thomas,barefoot-buddha-1.jpg,.jpg,79956,78.1
/images/places/st-thomas/blackbeards-castle-1.jpg,public/images/places/st-thomas/blackbeards-castle-1.jpg,images/places/st-thomas,blackbeards-castle-1.jpg,.jpg,783995,765.6
/images/places/st-thomas/blue-eleven-1.jpg,public/images/places/st-thomas/blue-eleven-1.jpg,images/places/st-thomas,blue-eleven-1.jpg,.jpg,269090,262.8
/images/places/st-thomas/bluebeards-castle-1.jpg,public/images/places/st-thomas/bluebeards-castle-1.jpg,images/places/st-thomas,bluebeards-castle-1.jpg,.jpg,112055,109.4
/images/places/st-thomas/bolongo-bay-beach-1.jpg,public/images/places/st-thomas/bolongo-bay-beach-1.jpg,images/places/st-thomas,bolongo-bay-beach-1.jpg,.jpg,2479942,2421.8
/images/places/st-thomas/brewers-bay-beach-1.jpg,public/images/places/st-thomas/brewers-bay-beach-1.jpg,images/places/st-thomas,brewers-bay-beach-1.jpg,.jpg,338921,331.0
/images/places/st-thomas/brooks-bar-1.jpg,public/images/places/st-thomas/brooks-bar-1.jpg,images/places/st-thomas,brooks-bar-1.jpg,.jpg,480675,469.4
/images/places/st-thomas/bumpas-breakfast-1.jpg,public/images/places/st-thomas/bumpas-breakfast-1.jpg,images/places/st-thomas,bumpas-breakfast-1.jpg,.jpg,275066,268.6
/images/places/st-thomas/caribbean-fish-market-1.jpg,public/images/places/st-thomas/caribbean-fish-market-1.jpg,images/places/st-thomas,caribbean-fish-market-1.jpg,.jpg,366655,358.1
/images/places/st-thomas/carigas-island-caf-1.jpg,public/images/places/st-thomas/carigas-island-caf-1.jpg,images/places/st-thomas,carigas-island-caf-1.jpg,.jpg,578573,565.0
/images/places/st-thomas/charlotte-amalie-ferry-terminal-1.jpg,public/images/places/st-thomas/charlotte-amalie-ferry-terminal-1.jpg,images/places/st-thomas,charlotte-amalie-ferry-terminal-1.jpg,.jpg,60643,59.2
/images/places/st-thomas/charlotte-amalie-historic-district-1.jpg,public/images/places/st-thomas/charlotte-amalie-historic-district-1.jpg,images/places/st-thomas,charlotte-amalie-historic-district-1.jpg,.jpg,534692,522.2
/images/places/st-thomas/coki-dive-center-1.jpg,public/images/places/st-thomas/coki-dive-center-1.jpg,images/places/st-thomas,coki-dive-center-1.jpg,.jpg,310718,303.4
/images/places/st-thomas/coki-point-beach-1.jpg,public/images/places/st-thomas/coki-point-beach-1.jpg,images/places/st-thomas,coki-point-beach-1.jpg,.jpg,389948,380.8
/images/places/st-thomas/compass-point-marina-1.jpg,public/images/places/st-thomas/compass-point-marina-1.jpg,images/places/st-thomas,compass-point-marina-1.jpg,.jpg,534102,521.6
/images/places/st-thomas/coral-world-ocean-park-1.jpg,public/images/places/st-thomas/coral-world-ocean-park-1.jpg,images/places/st-thomas,coral-world-ocean-park-1.jpg,.jpg,205016,200.2
/images/places/st-thomas/cowpet-bay-beach-1.jpg,public/images/places/st-thomas/cowpet-bay-beach-1.jpg,images/places/st-thomas,cowpet-bay-beach-1.jpg,.jpg,481416,470.1
/images/places/st-thomas/cravin-crabs-1.jpg,public/images/places/st-thomas/cravin-crabs-1.jpg,images/places/st-thomas,cravin-crabs-1.jpg,.jpg,82244,80.3
/images/places/st-thomas/crown-bay-center-1.jpg,public/images/places/st-thomas/crown-bay-center-1.jpg,images/places/st-thomas,crown-bay-center-1.jpg,.jpg,359114,350.7
/images/places/st-thomas/crown-bay-cruise-port-1.jpg,public/images/places/st-thomas/crown-bay-cruise-port-1.jpg,images/places/st-thomas,crown-bay-cruise-port-1.jpg,.jpg,216691,211.6
/images/places/st-thomas/crown-bay-marina-1.jpg,public/images/places/st-thomas/crown-bay-marina-1.jpg,images/places/st-thomas,crown-bay-marina-1.jpg,.jpg,146320,142.9
/images/places/st-thomas/cruz-bay-ferry-dock-1.jpg,public/images/places/st-thomas/cruz-bay-ferry-dock-1.jpg,images/places/st-thomas,cruz-bay-ferry-dock-1.jpg,.jpg,442607,432.2
/images/places/st-thomas/cruz-bay-taxi-stand-1.jpg,public/images/places/st-thomas/cruz-bay-taxi-stand-1.jpg,images/places/st-thomas,cruz-bay-taxi-stand-1.jpg,.jpg,815543,796.4
/images/places/st-thomas/cyril-e-king-airport-1.jpg,public/images/places/st-thomas/cyril-e-king-airport-1.jpg,images/places/st-thomas,cyril-e-king-airport-1.jpg,.jpg,297300,290.3
/images/places/st-thomas/dog-house-pub-1.jpg,public/images/places/st-thomas/dog-house-pub-1.jpg,images/places/st-thomas,dog-house-pub-1.jpg,.jpg,369465,360.8
/images/places/st-thomas/dorothea-beach-1.jpg,public/images/places/st-thomas/dorothea-beach-1.jpg,images/places/st-thomas,dorothea-beach-1.jpg,.jpg,505609,493.8
/images/places/st-thomas/downtown-charlotte-amalie-1.jpg,public/images/places/st-thomas/downtown-charlotte-amalie-1.jpg,images/places/st-thomas,downtown-charlotte-amalie-1.jpg,.jpg,480112,468.9
/images/places/st-thomas/drakes-seat-1.jpg,public/images/places/st-thomas/drakes-seat-1.jpg,images/places/st-thomas,drakes-seat-1.jpg,.jpg,468270,457.3
/images/places/st-thomas/duffys-love-shack-1.jpg,public/images/places/st-thomas/duffys-love-shack-1.jpg,images/places/st-thomas,duffys-love-shack-1.jpg,.jpg,76880,75.1
/images/places/st-thomas/el-gringos-1.jpg,public/images/places/st-thomas/el-gringos-1.jpg,images/places/st-thomas,el-gringos-1.jpg,.jpg,295737,288.8
/images/places/st-thomas/emancipation-garden-1.jpg,public/images/places/st-thomas/emancipation-garden-1.jpg,images/places/st-thomas,emancipation-garden-1.jpg,.jpg,556467,543.4
/images/places/st-thomas/enkai-sushi-bar-1.jpg,public/images/places/st-thomas/enkai-sushi-bar-1.jpg,images/places/st-thomas,enkai-sushi-bar-1.jpg,.jpg,521470,509.2
/images/places/st-thomas/fish-bar-1.jpg,public/images/places/st-thomas/fish-bar-1.jpg,images/places/st-thomas,fish-bar-1.jpg,.jpg,303747,296.6
/images/places/st-thomas/fort-christian-1.jpg,public/images/places/st-thomas/fort-christian-1.jpg,images/places/st-thomas,fort-christian-1.jpg,.jpg,374949,366.2
/images/places/st-thomas/french-quarter-bistro-1.jpg,public/images/places/st-thomas/french-quarter-bistro-1.jpg,images/places/st-thomas,french-quarter-bistro-1.jpg,.jpg,1749015,1708.0
/images/places/st-thomas/gladys-caf-1.jpg,public/images/places/st-thomas/gladys-caf-1.jpg,images/places/st-thomas,gladys-caf-1.jpg,.jpg,646084,630.9
/images/places/st-thomas/gladys-cafe-1.jpg,public/images/places/st-thomas/gladys-cafe-1.jpg,images/places/st-thomas,gladys-cafe-1.jpg,.jpg,66458,64.9
/images/places/st-thomas/gladys-cafe-2.jpg,public/images/places/st-thomas/gladys-cafe-2.jpg,images/places/st-thomas,gladys-cafe-2.jpg,.jpg,706330,689.8
/images/places/st-thomas/greengos-caribbean-cantina-1.jpg,public/images/places/st-thomas/greengos-caribbean-cantina-1.jpg,images/places/st-thomas,greengos-caribbean-cantina-1.jpg,.jpg,869008,848.6
/images/places/st-thomas/havensight-cruise-port-1.jpg,public/images/places/st-thomas/havensight-cruise-port-1.jpg,images/places/st-thomas,havensight-cruise-port-1.jpg,.jpg,22960,22.4
/images/places/st-thomas/havensight-mall-1.jpg,public/images/places/st-thomas/havensight-mall-1.jpg,images/places/st-thomas,havensight-mall-1.jpg,.jpg,298466,291.5
/images/places/st-thomas/honeymoon-beach-water-island-1.jpg,public/images/places/st-thomas/honeymoon-beach-water-island-1.jpg,images/places/st-thomas,honeymoon-beach-water-island-1.jpg,.jpg,245872,240.1
/images/places/st-thomas/hook-line-and-sinker-1.jpg,public/images/places/st-thomas/hook-line-and-sinker-1.jpg,images/places/st-thomas,hook-line-and-sinker-1.jpg,.jpg,534692,522.2
/images/places/st-thomas/hull-bay-beach-1.jpg,public/images/places/st-thomas/hull-bay-beach-1.jpg,images/places/st-thomas,hull-bay-beach-1.jpg,.jpg,281958,275.3
/images/places/st-thomas/hull-bay-hideaway-1.jpg,public/images/places/st-thomas/hull-bay-hideaway-1.jpg,images/places/st-thomas,hull-bay-hideaway-1.jpg,.jpg,3528493,3445.8
/images/places/st-thomas/iggies-beach-bar-1.jpg,public/images/places/st-thomas/iggies-beach-bar-1.jpg,images/places/st-thomas,iggies-beach-bar-1.jpg,.jpg,374949,366.2
/images/places/st-thomas/island-time-pub-1.jpg,public/images/places/st-thomas/island-time-pub-1.jpg,images/places/st-thomas,island-time-pub-1.jpg,.jpg,635230,620.3
/images/places/st-thomas/lanai-at-limetree-1.jpg,public/images/places/st-thomas/lanai-at-limetree-1.jpg,images/places/st-thomas,lanai-at-limetree-1.jpg,.jpg,239968,234.3
/images/places/st-thomas/leatherback-brewing-company-1.jpg,public/images/places/st-thomas/leatherback-brewing-company-1.jpg,images/places/st-thomas,leatherback-brewing-company-1.jpg,.jpg,117571,114.8
/images/places/st-thomas/limetree-beach-1.jpg,public/images/places/st-thomas/limetree-beach-1.jpg,images/places/st-thomas,limetree-beach-1.jpg,.jpg,237093,231.5
/images/places/st-thomas/lindquist-beach-1.jpg,public/images/places/st-thomas/lindquist-beach-1.jpg,images/places/st-thomas,lindquist-beach-1.jpg,.jpg,261146,255.0
/images/places/st-thomas/louie-and-nachos-beach-bar-1.jpg,public/images/places/st-thomas/louie-and-nachos-beach-bar-1.jpg,images/places/st-thomas,louie-and-nachos-beach-bar-1.jpg,.jpg,435753,425.5
/images/places/st-thomas/magens-bay-arboretum-1.jpg,public/images/places/st-thomas/magens-bay-arboretum-1.jpg,images/places/st-thomas,magens-bay-arboretum-1.jpg,.jpg,1289441,1259.2
/images/places/st-thomas/magens-bay-beach-1.jpg,public/images/places/st-thomas/magens-bay-beach-1.jpg,images/places/st-thomas,magens-bay-beach-1.jpg,.jpg,512581,500.6
/images/places/st-thomas/magens-bay-discovery-trail-1.jpg,public/images/places/st-thomas/magens-bay-discovery-trail-1.jpg,images/places/st-thomas,magens-bay-discovery-trail-1.jpg,.jpg,244442,238.7
/images/places/st-thomas/margaritaville-restaurant-1.jpg,public/images/places/st-thomas/margaritaville-restaurant-1.jpg,images/places/st-thomas,margaritaville-restaurant-1.jpg,.jpg,568063,554.7
/images/places/st-thomas/melt-mexican-grill-1.jpg,public/images/places/st-thomas/melt-mexican-grill-1.jpg,images/places/st-thomas,melt-mexican-grill-1.jpg,.jpg,216730,211.7
/images/places/st-thomas/mermaids-chair-1.jpg,public/images/places/st-thomas/mermaids-chair-1.jpg,images/places/st-thomas,mermaids-chair-1.jpg,.jpg,347761,339.6
/images/places/st-thomas/mermaids-chair-trail-1.jpg,public/images/places/st-thomas/mermaids-chair-trail-1.jpg,images/places/st-thomas,mermaids-chair-trail-1.jpg,.jpg,347761,339.6
/images/places/st-thomas/mims-seaside-bistro-1.jpg,public/images/places/st-thomas/mims-seaside-bistro-1.jpg,images/places/st-thomas,mims-seaside-bistro-1.jpg,.jpg,366528,357.9
/images/places/st-thomas/morningstar-beach-1.jpg,public/images/places/st-thomas/morningstar-beach-1.jpg,images/places/st-thomas,morningstar-beach-1.jpg,.jpg,329998,322.3
/images/places/st-thomas/mountain-top-1.jpg,public/images/places/st-thomas/mountain-top-1.jpg,images/places/st-thomas,mountain-top-1.jpg,.jpg,389233,380.1
/images/places/st-thomas/neltjeberg-bay-beach-1.jpg,public/images/places/st-thomas/neltjeberg-bay-beach-1.jpg,images/places/st-thomas,neltjeberg-bay-beach-1.jpg,.jpg,185402,181.1
/images/places/st-thomas/northside-bistro-1.jpg,public/images/places/st-thomas/northside-bistro-1.jpg,images/places/st-thomas,northside-bistro-1.jpg,.jpg,145813,142.4
/images/places/st-thomas/oceana-restaurant-1.jpg,public/images/places/st-thomas/oceana-restaurant-1.jpg,images/places/st-thomas,oceana-restaurant-1.jpg,.jpg,79490,77.6
/images/places/st-thomas/old-stone-farmhouse-1.jpg,public/images/places/st-thomas/old-stone-farmhouse-1.jpg,images/places/st-thomas,old-stone-farmhouse-1.jpg,.jpg,62425,61.0
/images/places/st-thomas/old-stone-farmhouse-2.jpg,public/images/places/st-thomas/old-stone-farmhouse-2.jpg,images/places/st-thomas,old-stone-farmhouse-2.jpg,.jpg,69525,67.9
/images/places/st-thomas/pangea-terra-table-1.jpg,public/images/places/st-thomas/pangea-terra-table-1.jpg,images/places/st-thomas,pangea-terra-table-1.jpg,.jpg,810996,792.0
/images/places/st-thomas/paradise-point-skyride-1.jpg,public/images/places/st-thomas/paradise-point-skyride-1.jpg,images/places/st-thomas,paradise-point-skyride-1.jpg,.jpg,479882,468.6
/images/places/st-thomas/paradise-point-skyride-2.jpg,public/images/places/st-thomas/paradise-point-skyride-2.jpg,images/places/st-thomas,paradise-point-skyride-2.jpg,.jpg,76815,75.0
/images/places/st-thomas/pesce-italian-1.jpg,public/images/places/st-thomas/pesce-italian-1.jpg,images/places/st-thomas,pesce-italian-1.jpg,.jpg,348291,340.1
/images/places/st-thomas/petit-pump-room-1.jpg,public/images/places/st-thomas/petit-pump-room-1.jpg,images/places/st-thomas,petit-pump-room-1.jpg,.jpg,945479,923.3
/images/places/st-thomas/petras-dushi-by-the-sea-1.jpg,public/images/places/st-thomas/petras-dushi-by-the-sea-1.jpg,images/places/st-thomas,petras-dushi-by-the-sea-1.jpg,.jpg,269563,263.2
/images/places/st-thomas/phantasea-tropical-botanical-garden-1.jpg,public/images/places/st-thomas/phantasea-tropical-botanical-garden-1.jpg,images/places/st-thomas,phantasea-tropical-botanical-garden-1.jpg,.jpg,665387,649.8
/images/places/st-thomas/pie-whole-pizza-1.jpg,public/images/places/st-thomas/pie-whole-pizza-1.jpg,images/places/st-thomas,pie-whole-pizza-1.jpg,.jpg,334939,327.1
/images/places/st-thomas/prime-at-paradise-point-1.jpg,public/images/places/st-thomas/prime-at-paradise-point-1.jpg,images/places/st-thomas,prime-at-paradise-point-1.jpg,.jpg,1592027,1554.7
/images/places/st-thomas/red-hook-ferry-terminal-1.jpg,public/images/places/st-thomas/red-hook-ferry-terminal-1.jpg,images/places/st-thomas,red-hook-ferry-terminal-1.jpg,.jpg,99438,97.1
/images/places/st-thomas/red-hook-marina-1.jpg,public/images/places/st-thomas/red-hook-marina-1.jpg,images/places/st-thomas,red-hook-marina-1.jpg,.jpg,304974,297.8
/images/places/st-thomas/red-hook-plaza-1.jpg,public/images/places/st-thomas/red-hook-plaza-1.jpg,images/places/st-thomas,red-hook-plaza-1.jpg,.jpg,161750,158.0
/images/places/st-thomas/rooftop-bar-charlotte-amalie-1.jpg,public/images/places/st-thomas/rooftop-bar-charlotte-amalie-1.jpg,images/places/st-thomas,rooftop-bar-charlotte-amalie-1.jpg,.jpg,280547,274.0
/images/places/st-thomas/rum-island-pub-1.jpg,public/images/places/st-thomas/rum-island-pub-1.jpg,images/places/st-thomas,rum-island-pub-1.jpg,.jpg,292169,285.3
/images/places/st-thomas/rum-runners-1.jpg,public/images/places/st-thomas/rum-runners-1.jpg,images/places/st-thomas,rum-runners-1.jpg,.jpg,295918,289.0
/images/places/st-thomas/sangrias-beachside-bistro-1.jpg,public/images/places/st-thomas/sangrias-beachside-bistro-1.jpg,images/places/st-thomas,sangrias-beachside-bistro-1.jpg,.jpg,412512,402.8
/images/places/st-thomas/santa-maria-bay-beach-1.jpg,public/images/places/st-thomas/santa-maria-bay-beach-1.jpg,images/places/st-thomas,santa-maria-bay-beach-1.jpg,.jpg,268126,261.8
/images/places/st-thomas/sapphire-beach-1.jpg,public/images/places/st-thomas/sapphire-beach-1.jpg,images/places/st-thomas,sapphire-beach-1.jpg,.jpg,162445,158.6
/images/places/st-thomas/sapphire-beach-bar-1.jpg,public/images/places/st-thomas/sapphire-beach-bar-1.jpg,images/places/st-thomas,sapphire-beach-bar-1.jpg,.jpg,265977,259.7
/images/places/st-thomas/sapphire-marina-1.jpg,public/images/places/st-thomas/sapphire-marina-1.jpg,images/places/st-thomas,sapphire-marina-1.jpg,.jpg,1289444,1259.2
/images/places/st-thomas/sea-la-vie-1.jpg,public/images/places/st-thomas/sea-la-vie-1.jpg,images/places/st-thomas,sea-la-vie-1.jpg,.jpg,535392,522.8
/images/places/st-thomas/secret-harbour-beach-1.jpg,public/images/places/st-thomas/secret-harbour-beach-1.jpg,images/places/st-thomas,secret-harbour-beach-1.jpg,.jpg,535392,522.8
/images/places/st-thomas/secret-harbour-marina-1.jpg,public/images/places/st-thomas/secret-harbour-marina-1.jpg,images/places/st-thomas,secret-harbour-marina-1.jpg,.jpg,671369,655.6
/images/places/st-thomas/seven-arches-museum-1.jpg,public/images/places/st-thomas/seven-arches-museum-1.jpg,images/places/st-thomas,seven-arches-museum-1.jpg,.jpg,315007,307.6
/images/places/st-thomas/shamas-specialties-1.jpg,public/images/places/st-thomas/shamas-specialties-1.jpg,images/places/st-thomas,shamas-specialties-1.jpg,.jpg,361800,353.3
/images/places/st-thomas/shupes-on-the-boardwalk-1.jpg,public/images/places/st-thomas/shupes-on-the-boardwalk-1.jpg,images/places/st-thomas,shupes-on-the-boardwalk-1.jpg,.jpg,309028,301.8
/images/places/st-thomas/sibs-on-the-mountain-1.jpg,public/images/places/st-thomas/sibs-on-the-mountain-1.jpg,images/places/st-thomas,sibs-on-the-mountain-1.jpg,.jpg,66394,64.8
/images/places/st-thomas/side-street-pub-1.jpg,public/images/places/st-thomas/side-street-pub-1.jpg,images/places/st-thomas,side-street-pub-1.jpg,.jpg,663096,647.6
/images/places/st-thomas/smoke-up-fusion-bbq-1.jpg,public/images/places/st-thomas/smoke-up-fusion-bbq-1.jpg,images/places/st-thomas,smoke-up-fusion-bbq-1.jpg,.jpg,480587,469.3
/images/places/st-thomas/st-thomas-synagogue-1.jpg,public/images/places/st-thomas/st-thomas-synagogue-1.jpg,images/places/st-thomas,st-thomas-synagogue-1.jpg,.jpg,201718,197.0
/images/places/st-thomas/sudis-caribbean-bar-and-grille-1.jpg,public/images/places/st-thomas/sudis-caribbean-bar-and-grille-1.jpg,images/places/st-thomas,sudis-caribbean-bar-and-grille-1.jpg,.jpg,915168,893.7
/images/places/st-thomas/sugarcane-grille-1.jpg,public/images/places/st-thomas/sugarcane-grille-1.jpg,images/places/st-thomas,sugarcane-grille-1.jpg,.jpg,359899,351.5
/images/places/st-thomas/sun-and-sea-bar-and-grill-1.jpg,public/images/places/st-thomas/sun-and-sea-bar-and-grill-1.jpg,images/places/st-thomas,sun-and-sea-bar-and-grill-1.jpg,.jpg,413989,404.3
/images/places/st-thomas/sunset-grille-at-secret-harbour-1.jpg,public/images/places/st-thomas/sunset-grille-at-secret-harbour-1.jpg,images/places/st-thomas,sunset-grille-at-secret-harbour-1.jpg,.jpg,470323,459.3
/images/places/st-thomas/sunset-grille-at-secret-harbour-2.jpg,public/images/places/st-thomas/sunset-grille-at-secret-harbour-2.jpg,images/places/st-thomas,sunset-grille-at-secret-harbour-2.jpg,.jpg,527554,515.2
/images/places/st-thomas/tap-and-still-havensight-1.jpg,public/images/places/st-thomas/tap-and-still-havensight-1.jpg,images/places/st-thomas,tap-and-still-havensight-1.jpg,.jpg,435931,425.7
/images/places/st-thomas/tap-and-still-red-hook-1.jpg,public/images/places/st-thomas/tap-and-still-red-hook-1.jpg,images/places/st-thomas,tap-and-still-red-hook-1.jpg,.jpg,64081,62.6
/images/places/st-thomas/taphus-beer-house-1.jpg,public/images/places/st-thomas/taphus-beer-house-1.jpg,images/places/st-thomas,taphus-beer-house-1.jpg,.jpg,390296,381.1
/images/places/st-thomas/the-easterly-1.jpg,public/images/places/st-thomas/the-easterly-1.jpg,images/places/st-thomas,the-easterly-1.jpg,.jpg,430985,420.9
/images/places/st-thomas/the-greenhouse-st-thomas-1.jpg,public/images/places/st-thomas/the-greenhouse-st-thomas-1.jpg,images/places/st-thomas,the-greenhouse-st-thomas-1.jpg,.jpg,437736,427.5
/images/places/st-thomas/the-shack-at-hull-bay-1.jpg,public/images/places/st-thomas/the-shack-at-hull-bay-1.jpg,images/places/st-thomas,the-shack-at-hull-bay-1.jpg,.jpg,701425,685.0
/images/places/st-thomas/the-smoking-rooster-1.jpg,public/images/places/st-thomas/the-smoking-rooster-1.jpg,images/places/st-thomas,the-smoking-rooster-1.jpg,.jpg,269483,263.2
/images/places/st-thomas/the-twisted-cork-1.jpg,public/images/places/st-thomas/the-twisted-cork-1.jpg,images/places/st-thomas,the-twisted-cork-1.jpg,.jpg,197335,192.7
/images/places/st-thomas/three-palms-1.jpg,public/images/places/st-thomas/three-palms-1.jpg,images/places/st-thomas,three-palms-1.jpg,.jpg,329404,321.7
/images/places/st-thomas/tickles-dockside-pub-1.jpg,public/images/places/st-thomas/tickles-dockside-pub-1.jpg,images/places/st-thomas,tickles-dockside-pub-1.jpg,.jpg,220558,215.4
/images/places/st-thomas/tutu-park-mall-1.jpg,public/images/places/st-thomas/tutu-park-mall-1.jpg,images/places/st-thomas,tutu-park-mall-1.jpg,.jpg,174204,170.1
/images/places/st-thomas/udder-delights-1.jpg,public/images/places/st-thomas/udder-delights-1.jpg,images/places/st-thomas,udder-delights-1.jpg,.jpg,586590,572.8
/images/places/st-thomas/vendors-plaza-1.jpg,public/images/places/st-thomas/vendors-plaza-1.jpg,images/places/st-thomas,vendors-plaza-1.jpg,.jpg,587997,574.2
/images/places/st-thomas/vessup-bay-beach-1.jpg,public/images/places/st-thomas/vessup-bay-beach-1.jpg,images/places/st-thomas,vessup-bay-beach-1.jpg,.jpg,104590,102.1
/images/places/st-thomas/vi-childrens-museum-1.jpg,public/images/places/st-thomas/vi-childrens-museum-1.jpg,images/places/st-thomas,vi-childrens-museum-1.jpg,.jpg,111662,109.0
/images/places/st-thomas/virgilios-1.jpg,public/images/places/st-thomas/virgilios-1.jpg,images/places/st-thomas,virgilios-1.jpg,.jpg,288606,281.8
/images/places/st-thomas/water-island-fort-segarra-1.jpg,public/images/places/st-thomas/water-island-fort-segarra-1.jpg,images/places/st-thomas,water-island-fort-segarra-1.jpg,.jpg,615848,601.4
/images/places/st-thomas/water-island-fort-segarra-trail-1.jpg,public/images/places/st-thomas/water-island-fort-segarra-trail-1.jpg,images/places/st-thomas,water-island-fort-segarra-trail-1.jpg,.jpg,615848,601.4
/images/places/st-thomas/xo-bistro-1.jpg,public/images/places/st-thomas/xo-bistro-1.jpg,images/places/st-thomas,xo-bistro-1.jpg,.jpg,527077,514.7
/images/places/st-thomas/yacht-haven-grande-1.jpg,public/images/places/st-thomas/yacht-haven-grande-1.jpg,images/places/st-thomas,yacht-haven-grande-1.jpg,.jpg,312245,304.9
/images/places/st-thomas/yacht-haven-grande-marina-1.jpg,public/images/places/st-thomas/yacht-haven-grande-marina-1.jpg,images/places/st-thomas,yacht-haven-grande-marina-1.jpg,.jpg,138531,135.3
/images/places/water-island/dinghys-beach-bar-1.jpg,public/images/places/water-island/dinghys-beach-bar-1.jpg,images/places/water-island,dinghys-beach-bar-1.jpg,.jpg,595318,581.4
/images/places/water-island/heidis-honeymoon-grill-1.jpg,public/images/places/water-island/heidis-honeymoon-grill-1.jpg,images/places/water-island,heidis-honeymoon-grill-1.jpg,.jpg,443560,433.2
/images/places/water-island/honeymoon-beach-water-island-1.jpg,public/images/places/water-island/honeymoon-beach-water-island-1.jpg,images/places/water-island,honeymoon-beach-water-island-1.jpg,.jpg,520804,508.6
/images/places/water-island/limestone-bay-beach-1.jpg,public/images/places/water-island/limestone-bay-beach-1.jpg,images/places/water-island,limestone-bay-beach-1.jpg,.jpg,591396,577.5
/images/places/water-island/water-island-beach-bar-1.jpg,public/images/places/water-island/water-island-beach-bar-1.jpg,images/places/water-island,water-island-beach-bar-1.jpg,.jpg,595318,581.4
/images/places/water-island/water-island-ferry-terminal-1.jpg,public/images/places/water-island/water-island-ferry-terminal-1.jpg,images/places/water-island,water-island-ferry-terminal-1.jpg,.jpg,96296,94.0
/images/places/water-island/water-island-fort-segarra-trail-1.jpg,public/images/places/water-island/water-island-fort-segarra-trail-1.jpg,images/places/water-island,water-island-fort-segarra-trail-1.jpg,.jpg,33197,32.4
