businessName,category,island,area,headline,description,bestFor,bookingOffer,mobilityNote,image,website,phone,sourceName,sourceUrl,lastVerified,inventoryScope,verificationStatus
The Ritz-Carlton St. Thomas,resort,St. Thomas,Great Bay / East End,Luxury east-end resort stay with beach marina and concierge access,Premium east-end resort option near Red Hook Sapphire Cowpet Bay and boating access,Luxury stays|Couples|Families|East End access,Request resort stay details airport pickup help and nearby island planning,Good fit for airport pickup Red Hook ferry planning and east-end beach transfers,/images/places/st-thomas/sapphire-beach-1.jpg,,,Manual verification queue,,needs_review,single_property,needs_review
Frenchman's Reef,resort,St. Thomas,Southside / Morningstar,Harbor-view resort base close to Charlotte Amalie and Morningstar Beach,Resort option for beach access harbor views restaurants and convenient town access,Resort stay|Harbor views|Couples|Town access,Request resort stay options ride pickup and activity planning,Good fit for airport transfers town dining beach runs and cruise-area pickups,/images/places/st-thomas/charlotte-amalie-historic-district-1.jpg,,,Manual verification queue,,needs_review,single_property,needs_review
Secret Harbour Beach Resort,hotel,St. Thomas,Secret Harbour / East End,Beachfront stay near calm water snorkeling dining and Red Hook,East-end lodging option with beach access nearby restaurants ferry access and water activities,Beach stay|Snorkeling|Families|Red Hook access,Request room guidance beach-day planning and transportation help,Good fit for airport transfer Red Hook ferry connection and beach/taxi coordination,/images/places/st-thomas/red-hook-marina-1.jpg,,,Manual verification queue,,needs_review,single_property,needs_review
Bolongo Bay Beach Resort,resort,St. Thomas,Bolongo / Southside,Beach resort option on the south side of St. Thomas,Southside resort-style stay for beach access island activities and relaxed planning,Beach resort|Couples|Families|Southside access,Request stay guidance beach planning and ride coordination,Good fit for airport transfer town access and east-end activity transfers,/images/places/st-thomas/magens-bay-beach-1.jpg,,,Manual verification queue,,needs_review,single_property,needs_review
Bluebeard's Beach Club,hotel,St. Thomas,Limetree Beach / Southside,Beach-club style lodging near Limetree Beach and southside routes,Southside lodging option for visitors who want beach access and easy taxi routing,Beach stay|Southside|Families|Couples,Request lodging guidance and beach transportation help,Good fit for airport transfer beach runs and town access,/images/places/st-thomas/magens-bay-beach-1.jpg,,,Manual verification queue,,needs_review,single_property,needs_review
Emerald Beach Resort,hotel,St. Thomas,Lindbergh Bay / Airport,Airport-area beachfront hotel stay near Lindbergh Bay,Convenient St. Thomas hotel option for arrivals departures and beach access,Airport convenience|Beach stay|Short stays|Families,Request airport-area hotel guidance and pickup coordination,Best fit for airport pickup and departure-day planning,/images/places/st-thomas/magens-bay-beach-1.jpg,,,Manual verification queue,,needs_review,single_property,needs_review
Windward Passage Hotel,hotel,St. Thomas,Charlotte Amalie,Charlotte Amalie hotel base near ferry cruise and town access,Town-based St. Thomas hotel option for business travel ferry access and downtown planning,Town access|Ferry access|Cruise area|Short stays,Request town hotel guidance and mobility planning,Good fit for downtown taxi ferry and cruise-area routing,/images/places/st-thomas/charlotte-amalie-historic-district-1.jpg,,,Manual verification queue,,needs_review,single_property,needs_review
Margaritaville Vacation Club St. Thomas,resort,St. Thomas,Water Bay / East End,East-end resort-style vacation club near beaches and Red Hook,Vacation club option for visitors looking for resort amenities and east-end access,Vacation club|Families|East End|Beach access,Request stay planning and east-end transportation help,Good fit for Red Hook ferry beach and airport transfers,/images/places/st-thomas/red-hook-marina-1.jpg,,,Manual verification queue,,needs_review,single_property,needs_review
Sapphire Beach Resort and Marina,hotel,St. Thomas,Sapphire / East End,Beach and marina lodging near Red Hook ferry and east-end dining,East-end lodging option with beach marina and easy access to ferry routes,Beach stay|Marina|Red Hook access|Snorkeling,Request stay guidance and Red Hook transportation planning,Good fit for airport pickup Red Hook ferry and marina transfers,/images/places/st-thomas/sapphire-beach-1.jpg,,,Manual verification queue,,needs_review,single_property,needs_review
The Westin St. John Resort Villas,resort,St. John,Cruz Bay,Villa-style resort base near Cruz Bay and St. John beaches,St. John resort villa option with ferry and beach planning appeal,St. John stays|Villa-style lodging|Families|Beach planning,Request villa-style stay guidance ferry planning and beach itinerary help,Good fit for ferry arrival Cruz Bay transfers and beach route guidance,/images/places/st-thomas/magens-bay-beach-1.jpg,,,Manual verification queue,,needs_review,single_property,needs_review
Gallows Point Resort,hotel,St. John,Cruz Bay,Cruz Bay stay with walkable town access and island planning convenience,St. John lodging option near Cruz Bay restaurants ferry arrival and beach routes,Cruz Bay|Walkability|Couples|Beach access,Request St. John stay guidance ferry timing and beach route planning,Good fit for Cruz Bay arrival and beach-day transportation planning,/images/places/st-thomas/charlotte-amalie-historic-district-1.jpg,,,Manual verification queue,,needs_review,single_property,needs_review
Estate Lindholm,hotel,St. John,Cruz Bay / National Park edge,Small St. John inn option near Cruz Bay and park routes,Historic-style small lodging option for St. John travelers who want access to Cruz Bay and beaches,Small inn|Couples|Cruz Bay|Park access,Request stay guidance and ferry/beach planning,Good fit for ferry arrival and north-shore beach routing,/images/places/st-thomas/magens-bay-beach-1.jpg,,,Manual verification queue,,needs_review,single_property,needs_review
Coconut Coast Villas,villa,St. John,Cruz Bay,Villa-style St. John inquiry near Cruz Bay water and ferry access,Villa-style lodging lane for guests who want St. John views and practical ferry planning,Villa stay|Cruz Bay|Families|Longer stays,Request villa match by dates group size and area,Good fit for ferry planning and Cruz Bay transfers,/images/places/st-thomas/magens-bay-beach-1.jpg,,,Manual verification queue,,needs_review,inquiry_lane,needs_review
Lovango Resort + Beach Club,resort,St. John,Lovango Cay,Private-island style resort and beach club experience between St. Thomas and St. John,Premium island experience with resort beach club and boat access appeal,Luxury|Beach club|Boat access|Couples,Request stay or beach-club experience guidance and boat transfer planning,Good fit for Red Hook Cruz Bay and boat-transfer coordination,/images/places/st-thomas/red-hook-marina-1.jpg,,,"Vogue / NY Post coverage","",needs_review,single_property,needs_review
The Buccaneer Beach & Golf Resort,resort,St. Croix,Christiansted area,Classic St. Croix resort option with beach golf and Christiansted access,St. Croix resort option for full-service stays beaches golf dining and Christiansted experiences,St. Croix|Resort stay|Golf|Beach access,Request St. Croix resort guidance airport transfer help and activity planning,Good fit for airport transfer Christiansted dining and island tour routing,/images/places/st-thomas/charlotte-amalie-historic-district-1.jpg,,,"Public historical/travel coverage","",needs_review,single_property,needs_review
King Christian Hotel,hotel,St. Croix,Christiansted,Historic Christiansted hotel base near waterfront dining and town exploration,Town-based St. Croix lodging option for walkable Christiansted access history dining and harbor activity,Historic town|Walkability|Dining|Harbor access,Request Christiansted stay guidance and town-based itinerary planning,Good fit for airport transfer Christiansted walking plans and island tour pickup,/images/places/st-thomas/charlotte-amalie-historic-district-1.jpg,,,Manual verification queue,,needs_review,single_property,needs_review
Company House Hotel,hotel,St. Croix,Christiansted,Boutique Christiansted hotel option near town dining and waterfront routes,Boutique-style town lodging option for visitors who want Christiansted access,Boutique hotel|Walkability|Dining|Town access,Request hotel guidance and Christiansted mobility support,Good fit for airport transfer town pickup and harbor access,/images/places/st-thomas/charlotte-amalie-historic-district-1.jpg,,,Manual verification queue,,needs_review,single_property,needs_review
Carambola Beach Resort,resort,St. Croix,North Shore,North shore St. Croix resort option near beach and scenic routes,St. Croix resort option for visitors looking for north-shore beach access and island touring,North Shore|Beach resort|Couples|Relaxed stay,Request resort guidance and north-shore transportation planning,Good fit for airport transfer scenic routes Cane Bay and Christiansted trips,/images/places/st-thomas/magens-bay-beach-1.jpg,,,Manual verification queue,,needs_review,single_property,needs_review
Sand Castle on the Beach,hotel,St. Croix,Frederiksted,Beachfront Frederiksted hotel option on St. Croix west end,West-end lodging option for beach sunsets Frederiksted dining and relaxed stays,Beachfront|Frederiksted|Sunsets|Couples,Request hotel guidance and Frederiksted transportation help,Good fit for airport transfer Frederiksted access and west-end tours,/images/places/st-thomas/magens-bay-beach-1.jpg,,,Manual verification queue,,needs_review,single_property,needs_review
Tamarind Reef Resort,hotel,St. Croix,Green Cay / Christiansted area,Waterfront St. Croix lodging option near marina and Christiansted routes,Resort-style lodging near Christiansted with waterfront and marina access appeal,Waterfront|Marina|Families|Christiansted access,Request stay guidance and activity planning,Good fit for airport transfer Christiansted and island tour routing,/images/places/st-thomas/red-hook-marina-1.jpg,,,Manual verification queue,,needs_review,single_property,needs_review
McLaughlin Anderson Luxury Villas,villa,St. Thomas,St. Thomas / St. John villa portfolio,Luxury villa management inquiry lane for USVI villa stays,Villa agency inquiry lane for curated private villas and concierge-style stays,Luxury villas|Groups|Concierge|Private stays,Request villa options by island dates group size and budget,Good fit for airport pickup provisioning beach runs and ferry planning,/images/places/st-thomas/magens-bay-beach-1.jpg,,,"Condé Nast Traveler villa agent coverage","",needs_review,management_company,needs_review
St. Thomas Villa Inquiry,villa,St. Thomas,East End / Northside / Southside,Private St. Thomas villa matching lane by area and group size,Inquiry lane for villas across St. Thomas while individual properties are confirmed,Groups|Families|Private pools|Longer stays,Request villa match by area dates group size and budget,Good fit for airport pickup grocery stop beach runs and ferry planning,/images/places/st-thomas/red-hook-marina-1.jpg,,,VI Guide inquiry lane,,needs_review,inquiry_lane,needs_review
St. John Villa Inquiry,villa,St. John,Cruz Bay / Coral Bay / North Shore,Private St. John villa matching lane by area and travel style,Inquiry lane for St. John villas while individual properties and managers are confirmed,Views|Nature|Beach access|Groups,Request villa options with ferry Jeep and beach-route planning,Good fit for ferry timing Jeep pickup and beach route guidance,/images/places/st-thomas/magens-bay-beach-1.jpg,,,VI Guide inquiry lane,,needs_review,inquiry_lane,needs_review
St. Croix Villa Inquiry,villa,St. Croix,Christiansted / Frederiksted / North Shore,Private St. Croix villa and vacation rental inquiry lane,Inquiry lane for St. Croix villas condos and vacation rentals while inventory is confirmed,Vacation rentals|Families|Longer stays|Remote work,Request rental options by island area dates group size and budget,Good fit for airport transfer rental-car planning and island itinerary routing,/images/places/st-thomas/charlotte-amalie-historic-district-1.jpg,,,VI Guide inquiry lane,,needs_review,inquiry_lane,needs_review
Water Island Stay Inquiry,villa,Water Island,Honeymoon Beach / residential rentals,Water Island homes and campground-style stay inquiry lane,Inquiry lane for Water Island lodging options where commercial hotel inventory is limited,Quiet stay|Beach access|Ferry access|Local feel,Request Water Island stay guidance and ferry planning,Good fit for Crown Bay ferry timing and local transfer planning,/images/places/st-thomas/magens-bay-beach-1.jpg,,,VI Guide inquiry lane,,needs_review,inquiry_lane,needs_review
